Event,Date,Day,Begin,End,Room,Type
Jazzercise,1/2/2018,Tu,8:30:00 AM,10:30:00 AM,Gym,Outside Group
Jazzercise,1/2/2018,Tu,4:15:00 PM,5:30:00 PM,Gym,Outside Group
Jazzercise,1/2/2018,Tu,5:45:00 PM,7:00:00 PM,Gym,Outside Group
Jazzercise,1/3/2018,We,8:30:00 AM,10:30:00 AM,Gym,Outside Group
Jazzercise,1/3/2018,We,5:45:00 PM,7:00:00 PM,Gym,Outside Group
Jazzercise,1/4/2018,Th,9:00:00 AM,10:00:00 AM,Gym,Outside Group
Jazzercise,1/4/2018,Th,5:45:00 PM,6:45:00 PM,Gym,Outside Group
Jazzercise,1/5/2018,Fr,8:30:00 AM,10:30:00 AM,Gym,Outside Group
Jazzercise,1/6/2018,Sa,8:30:00 AM,10:30:00 AM,Gym,Outside Group
RPC - Worship,1/7/2018,Su,8:30:00 AM,9:45:00 AM,Gym,Worship Service
Sunday School,1/7/2018,Su,9:30:00 AM,10:30:00 AM,Whole Building,Sunday School
Worship Service,1/7/2018,Su,10:45:00 AM,12:15:00 PM,Sanctuary,Worship Service
Jazzercise,1/7/2018,Su,3:30:00 PM,5:00:00 PM,Gym,Outside Group
Jazzercise,1/8/2018,Mo,8:30:00 AM,10:30:00 AM,Gym,Outside Group
Jazzercise,1/8/2018,Mo,4:15:00 PM,5:30:00 PM,Gym,Outside Group
Jazzercise,1/8/2018,Mo,5:45:00 PM,7:00:00 PM,Gym,Outside Group
Classical Conversations,1/9/2018,Tu,8:00:00 AM,4:00:00 PM,Whole Building,Home School
Jazzercise,1/9/2018,Tu,8:30:00 AM,10:30:00 AM,Gym,Outside Group
West Circle Meeting,1/9/2018,Tu,11:00:00 AM,1:30:00 PM,Keene Room,CPWM Circle Meeting
Jazzercise,1/9/2018,Tu,4:15:00 PM,5:30:00 PM,Gym,Outside Group
Jazzercise,1/9/2018,Tu,5:45:00 PM,7:00:00 PM,Gym,Outside Group
Jazzercise,1/10/2018,We,8:30:00 AM,10:30:00 AM,Gym,Outside Group
Jazzercise,1/10/2018,We,5:45:00 PM,7:00:00 PM,Gym,Outside Group
Choir Practice,1/10/2018,We,6:30:00 PM,8:00:00 PM,Choir Room,Choir Practice
Thursday Connection,1/11/2018,Th,8:00:00 AM,5:00:00 PM,Whole Building,Home School
Jazzercise,1/11/2018,Th,9:00:00 AM,10:00:00 AM,Gym,Outside Group
Jazzercise,1/11/2018,Th,5:45:00 PM,6:45:00 PM,Gym,Outside Group
Friendship Club P.M. Edition Dinner,1/11/2018,Th,6:30:00 PM,7:30:00 PM,Off Site Activity,Friendship Club Event
Jazzercise,1/12/2018,Fr,8:30:00 AM,10:30:00 AM,Gym,Outside Group
Youth Convocation,1/12/2018,Fr,6:00:00 PM,11:45:00 PM,Off Site Activity,Youth Group Activity
Youth Convocation,1/13/2018,Sa,12:00:00 AM,11:45:00 PM,Off Site Activity,Youth Group Activity
Jazzercise,1/13/2018,Sa,8:30:00 AM,10:30:00 AM,Gym,Outside Group
Youth Convocation,1/14/2018,Su,12:00:00 AM,11:45:00 PM,Off Site Activity,Youth Group Activity
RPC - Worship,1/14/2018,Su,8:30:00 AM,9:45:00 AM,Gym,Worship Service
Sunday School,1/14/2018,Su,9:30:00 AM,10:30:00 AM,Whole Building,Sunday School
Worship Service,1/14/2018,Su,10:45:00 AM,12:15:00 PM,Sanctuary,Worship Service
Jazzercise,1/14/2018,Su,2:30:00 PM,4:00:00 PM,Gym,Outside Group
Youth Convocation,1/15/2018,Mo,12:00:00 AM,11:00:00 AM,Off Site Activity,Youth Group Activity
Jazzercise,1/15/2018,Mo,8:30:00 AM,10:30:00 AM,Gym,Outside Group
Jazzercise,1/15/2018,Mo,4:15:00 PM,5:30:00 PM,Gym,Outside Group
Jazzercise,1/15/2018,Mo,5:45:00 PM,7:00:00 PM,Gym,Outside Group
Bible Study,1/15/2018,Mo,6:30:00 PM,8:00:00 PM,Keene Room,Bible Study
Classical Conversations,1/16/2018,Tu,8:00:00 AM,4:00:00 PM,Whole Building,Home School
Jazzercise,1/16/2018,Tu,8:30:00 AM,10:30:00 AM,Gym,Outside Group
Jazzercise,1/16/2018,Tu,4:15:00 PM,5:30:00 PM,Gym,Outside Group
Jazzercise,1/16/2018,Tu,5:45:00 PM,7:00:00 PM,Gym,Outside Group
Jazzercise,1/17/2018,We,8:30:00 AM,10:30:00 AM,Gym,Outside Group
Jazzercise,1/17/2018,We,5:45:00 PM,7:00:00 PM,Gym,Outside Group
Choir Practice,1/17/2018,We,6:30:00 PM,8:00:00 PM,Choir Room,Choir Practice
Thursday Connection,1/18/2018,Th,8:00:00 AM,5:00:00 PM,Whole Building,Home School
Jazzercise,1/18/2018,Th,9:00:00 AM,10:00:00 AM,Gym,Outside Group
Jazzercise,1/18/2018,Th,5:45:00 PM,6:45:00 PM,Gym,Outside Group
Jazzercise,1/19/2018,Fr,8:30:00 AM,10:30:00 AM,Gym,Outside Group
Alicia Garst - ACT Prep,1/19/2018,Fr,9:30:00 AM,1:00:00 PM,Room #26,Outside Group
Jazzercise,1/20/2018,Sa,8:30:00 AM,10:30:00 AM,Gym,Outside Group
RPC - Worship,1/21/2018,Su,8:30:00 AM,9:45:00 AM,Gym,Worship Service
Sunday School,1/21/2018,Su,9:30:00 AM,10:30:00 AM,Whole Building,Sunday School
Worship Service,1/21/2018,Su,10:45:00 AM,12:15:00 PM,Sanctuary,Worship Service
Congregational Meeting ~ Elder Election,1/21/2018,Su,12:30:00 PM,12:45:00 PM,Sanctuary,Congregational Meeting
Jazzercise,1/21/2018,Su,3:30:00 PM,5:00:00 PM,Gym,Outside Group
Jazzercise,1/22/2018,Mo,8:30:00 AM,10:30:00 AM,Gym,Outside Group
Jazzercise,1/22/2018,Mo,4:15:00 PM,5:30:00 PM,Gym,Outside Group
Jazzercise,1/22/2018,Mo,5:45:00 PM,7:00:00 PM,Gym,Outside Group
Bible Study,1/22/2018,Mo,6:30:00 PM,8:00:00 PM,Keene Room,Bible Study
Classical Conversations,1/23/2018,Tu,8:00:00 AM,4:00:00 PM,Whole Building,Home School
Jazzercise,1/23/2018,Tu,8:30:00 AM,10:30:00 AM,Gym,Outside Group
Jazzercise,1/23/2018,Tu,4:15:00 PM,5:30:00 PM,Gym,Outside Group
Jazzercise,1/23/2018,Tu,5:45:00 PM,7:00:00 PM,Gym,Outside Group
Jazzercise,1/24/2018,We,8:30:00 AM,10:30:00 AM,Gym,Outside Group
Friendship Club ,1/24/2018,We,11:00:00 AM,1:00:00 PM,Off Site Activity,Friendship Club Event
Jazzercise,1/24/2018,We,5:45:00 PM,7:00:00 PM,Gym,Outside Group
Choir Practice,1/24/2018,We,6:30:00 PM,8:00:00 PM,Choir Room,Choir Practice
Thursday Connection,1/25/2018,Th,8:00:00 AM,5:00:00 PM,Whole Building,Home School
Jazzercise,1/25/2018,Th,9:00:00 AM,10:00:00 AM,Gym,Outside Group
Jazzercise,1/25/2018,Th,5:45:00 PM,6:45:00 PM,Gym,Outside Group
Jazzercise,1/26/2018,Fr,8:30:00 AM,10:30:00 AM,Gym,Outside Group
Jazzercise,1/27/2018,Sa,8:30:00 AM,10:30:00 AM,Gym,Outside Group
RPC - Worship,1/28/2018,Su,8:30:00 AM,9:45:00 AM,Gym,Worship Service
Sunday School,1/28/2018,Su,9:30:00 AM,10:30:00 AM,Whole Building,Sunday School
Worship Service,1/28/2018,Su,10:45:00 AM,12:15:00 PM,Sanctuary,Worship Service
Jazzercise,1/28/2018,Su,3:30:00 PM,5:00:00 PM,Gym,Outside Group
Demonination Day~Fairview CP,1/28/2018,Su,3:30:00 PM,7:00:00 PM,Off Site Activity,Demomination Meeting
Session Meeting,1/28/2018,Su,6:00:00 PM,8:00:00 PM,Keene Room,Session Meeting
Jazzercise,1/29/2018,Mo,8:30:00 AM,10:30:00 AM,Gym,Outside Group
Jazzercise,1/29/2018,Mo,4:15:00 PM,5:30:00 PM,Gym,Outside Group
Jazzercise,1/29/2018,Mo,5:45:00 PM,7:00:00 PM,Gym,Outside Group
Bible Study,1/29/2018,Mo,6:30:00 PM,8:00:00 PM,Keene Room,Bible Study
Classical Conversations,1/30/2018,Tu,8:00:00 AM,4:00:00 PM,Whole Building,Home School
Jazzercise,1/30/2018,Tu,8:30:00 AM,10:30:00 AM,Gym,Outside Group
Jazzercise,1/30/2018,Tu,4:15:00 PM,5:30:00 PM,Gym,Outside Group
Jazzercise,1/30/2018,Tu,5:45:00 PM,7:00:00 PM,Gym,Outside Group
Jazzercise,1/31/2018,We,8:30:00 AM,10:30:00 AM,Gym,Outside Group
Jazzercise,1/31/2018,We,5:45:00 PM,7:00:00 PM,Gym,Outside Group
Choir Practice,1/31/2018,We,6:30:00 PM,8:00:00 PM,Choir Room,Choir Practice
Thursday Connection,2/1/2018,Th,8:00:00 AM,5:00:00 PM,Whole Building,Home School
Jazzercise,2/1/2018,Th,9:00:00 AM,10:00:00 AM,Gym,Outside Group
Jazzercise,2/1/2018,Th,5:45:00 PM,6:45:00 PM,Gym,Outside Group
Friendship Club P.M. Edition Dinner,2/1/2018,Th,6:30:00 PM,7:30:00 PM,Off Site Activity,Friendship Club Event
Jazzercise,2/2/2018,Fr,8:30:00 AM,10:30:00 AM,Gym,Outside Group
TC - Winter Thaw,2/2/2018,Fr,4:00:00 PM,11:00:00 PM,Gym,Home School
Jazzercise,2/3/2018,Sa,8:30:00 AM,10:30:00 AM,Gym,Outside Group
RPC - Worship,2/4/2018,Su,8:30:00 AM,9:45:00 AM,Gym,Worship Service
Sunday School,2/4/2018,Su,9:30:00 AM,10:30:00 AM,Whole Building,Sunday School
Worship Service~Scout Sunday,2/4/2018,Su,10:45:00 AM,12:15:00 PM,Sanctuary,Worship Service
Jazzercise,2/4/2018,Su,3:30:00 PM,5:00:00 PM,Gym,Outside Group
Jazzercise,2/5/2018,Mo,8:30:00 AM,10:30:00 AM,Gym,Outside Group
Jazzercise,2/5/2018,Mo,4:15:00 PM,5:30:00 PM,Gym,Outside Group
Jazzercise,2/5/2018,Mo,5:45:00 PM,7:00:00 PM,Gym,Outside Group
Bible Study,2/5/2018,Mo,6:30:00 PM,8:00:00 PM,Keene Room,Bible Study
Jazzercise,2/6/2018,Tu,8:30:00 AM,10:30:00 AM,Gym,Outside Group
West Circle Meeting,2/6/2018,Tu,11:00:00 AM,1:30:00 PM,Keene Room,CPWM Circle Meeting
Jazzercise,2/6/2018,Tu,4:15:00 PM,5:30:00 PM,Gym,Outside Group
Jazzercise,2/6/2018,Tu,5:45:00 PM,7:00:00 PM,Gym,Outside Group
Jazzercise,2/7/2018,We,8:30:00 AM,10:30:00 AM,Gym,Outside Group
Jazzercise,2/7/2018,We,5:45:00 PM,7:00:00 PM,Gym,Outside Group
Choir Practice,2/7/2018,We,6:30:00 PM,8:00:00 PM,Choir Room,Choir Practice
Thursday Connection,2/8/2018,Th,8:00:00 AM,5:00:00 PM,Whole Building,Home School
Jazzercise,2/8/2018,Th,9:00:00 AM,10:00:00 AM,Gym,Outside Group
Jazzercise,2/8/2018,Th,5:45:00 PM,6:45:00 PM,Gym,Outside Group
Jazzercise,2/9/2018,Fr,8:30:00 AM,10:30:00 AM,Gym,Outside Group
Jazzercise,2/10/2018,Sa,8:30:00 AM,10:30:00 AM,Gym,Outside Group
RPC - Worship,2/11/2018,Su,8:30:00 AM,9:45:00 AM,Gym,Worship Service
Sunday School,2/11/2018,Su,9:30:00 AM,10:30:00 AM,Whole Building,Sunday School
Worship Service,2/11/2018,Su,10:45:00 AM,12:15:00 PM,Sanctuary,Worship Service
Jazzercise,2/11/2018,Su,3:30:00 PM,5:00:00 PM,Gym,Outside Group
Jazzercise,2/12/2018,Mo,8:30:00 AM,10:30:00 AM,Gym,Outside Group
Jazzercise,2/12/2018,Mo,4:15:00 PM,5:30:00 PM,Gym,Outside Group
Jazzercise,2/12/2018,Mo,5:45:00 PM,7:00:00 PM,Gym,Outside Group
Bible Study,2/12/2018,Mo,6:30:00 PM,8:00:00 PM,Keene Room,Bible Study
Classical Conversations,2/13/2018,Tu,8:00:00 AM,4:00:00 PM,Whole Building,Home School
Jazzercise,2/13/2018,Tu,8:30:00 AM,10:30:00 AM,Gym,Outside Group
Jazzercise,2/13/2018,Tu,4:15:00 PM,5:30:00 PM,Gym,Outside Group
Classical Conversations~Windows Into Challange,2/13/2018,Tu,5:30:00 PM,8:30:00 PM,Sanctuary,Home School
Jazzercise,2/13/2018,Tu,5:45:00 PM,7:00:00 PM,Gym,Outside Group
Jazzercise,2/14/2018,We,8:30:00 AM,10:30:00 AM,Gym,Outside Group
Jazzercise,2/14/2018,We,5:45:00 PM,7:00:00 PM,Gym,Outside Group
Choir Practice,2/14/2018,We,6:30:00 PM,8:00:00 PM,Choir Room,Choir Practice
Thursday Connection,2/15/2018,Th,8:00:00 AM,5:00:00 PM,Whole Building,Home School
Jazzercise,2/15/2018,Th,9:00:00 AM,10:00:00 AM,Gym,Outside Group
Jazzercise,2/15/2018,Th,5:45:00 PM,6:45:00 PM,Gym,Outside Group
Jazzercise,2/16/2018,Fr,8:30:00 AM,10:30:00 AM,Gym,Outside Group
Jazzercise,2/17/2018,Sa,8:30:00 AM,10:30:00 AM,Gym,Outside Group
RPC - Worship,2/18/2018,Su,8:30:00 AM,9:45:00 AM,Gym,Worship Service
Sunday School,2/18/2018,Su,9:30:00 AM,10:30:00 AM,Whole Building,Sunday School
Worship Service,2/18/2018,Su,10:45:00 AM,12:15:00 PM,Sanctuary,Worship Service
Jazzercise,2/18/2018,Su,3:30:00 PM,5:00:00 PM,Gym,Outside Group
Jazzercise,2/19/2018,Mo,8:30:00 AM,10:30:00 AM,Gym,Outside Group
Jazzercise,2/19/2018,Mo,4:15:00 PM,5:30:00 PM,Gym,Outside Group
Jazzercise,2/19/2018,Mo,5:45:00 PM,7:00:00 PM,Gym,Outside Group
Bible Study,2/19/2018,Mo,6:30:00 PM,8:00:00 PM,Keene Room,Bible Study
Classical Conversations,2/20/2018,Tu,8:00:00 AM,4:00:00 PM,Whole Building,Home School
Jazzercise,2/20/2018,Tu,8:30:00 AM,10:30:00 AM,Gym,Outside Group
Jazzercise,2/20/2018,Tu,4:15:00 PM,5:30:00 PM,Gym,Outside Group
Jazzercise,2/20/2018,Tu,5:45:00 PM,7:00:00 PM,Gym,Outside Group
Jazzercise,2/21/2018,We,8:30:00 AM,10:30:00 AM,Gym,Outside Group
Jazzercise,2/21/2018,We,5:45:00 PM,7:00:00 PM,Gym,Outside Group
Choir Practice,2/21/2018,We,6:30:00 PM,8:00:00 PM,Choir Room,Choir Practice
Thursday Connection,2/22/2018,Th,8:00:00 AM,5:00:00 PM,Whole Building,Home School
Jazzercise,2/22/2018,Th,9:00:00 AM,10:00:00 AM,Gym,Outside Group
Jazzercise,2/22/2018,Th,5:45:00 PM,6:45:00 PM,Gym,Outside Group
SMHEA Graduation Team,2/22/2018,Th,7:00:00 PM,9:00:00 PM,McDonald Chapel,Home School
Jazzercise,2/23/2018,Fr,8:30:00 AM,10:30:00 AM,Gym,Outside Group
Jazzercise,2/24/2018,Sa,8:30:00 AM,10:30:00 AM,Gym,Outside Group
RPC - Worship,2/25/2018,Su,8:30:00 AM,9:45:00 AM,Gym,Worship Service
Sunday School,2/25/2018,Su,9:30:00 AM,10:30:00 AM,Whole Building,Sunday School
Worship Service,2/25/2018,Su,10:45:00 AM,12:15:00 PM,Sanctuary,Worship Service
Jazzercise,2/25/2018,Su,3:30:00 PM,5:00:00 PM,Gym,Outside Group
Session Meeting,2/25/2018,Su,6:00:00 PM,8:00:00 PM,Keene Room,Session Meeting
Jazzercise,2/26/2018,Mo,8:30:00 AM,10:30:00 AM,Gym,Outside Group
Jazzercise,2/26/2018,Mo,4:15:00 PM,5:30:00 PM,Gym,Outside Group
Jazzercise,2/26/2018,Mo,5:45:00 PM,7:00:00 PM,Gym,Outside Group
Bible Study,2/26/2018,Mo,6:30:00 PM,8:00:00 PM,Keene Room,Bible Study
Classical Conversations,2/27/2018,Tu,8:00:00 AM,4:00:00 PM,Whole Building,Home School
Jazzercise,2/27/2018,Tu,8:30:00 AM,10:30:00 AM,Gym,Outside Group
Jazzercise,2/27/2018,Tu,4:15:00 PM,5:30:00 PM,Gym,Outside Group
Jazzercise,2/27/2018,Tu,5:45:00 PM,7:00:00 PM,Gym,Outside Group
Jazzercise,2/28/2018,We,8:30:00 AM,10:30:00 AM,Gym,Outside Group
Jazzercise,2/28/2018,We,5:45:00 PM,7:00:00 PM,Gym,Outside Group
Choir Practice,2/28/2018,We,6:30:00 PM,8:00:00 PM,Choir Room,Choir Practice
"""Thursday Connection""",3/1/2018,Th,8:00:00 AM,5:00:00 PM,Whole Building,Home School
Jazzercise,3/1/2018,Th,9:00:00 AM,10:00:00 AM,Gym,Outside Group
Jazzercise,3/1/2018,Th,5:45:00 PM,6:45:00 PM,Gym,Outside Group
Jazzercise,3/2/2018,Fr,8:30:00 AM,10:30:00 AM,Gym,Outside Group
Jazzercise,3/3/2018,Sa,8:30:00 AM,10:30:00 AM,Gym,Outside Group
RPC - Worship,3/4/2018,Su,8:30:00 AM,9:45:00 AM,Gym,Worship Service
Sunday School,3/4/2018,Su,9:30:00 AM,10:30:00 AM,Whole Building,Sunday School
Worship Service,3/4/2018,Su,10:45:00 AM,12:15:00 PM,Sanctuary,Worship Service
Jazzercise,3/4/2018,Su,3:30:00 PM,5:00:00 PM,Gym,Outside Group
Jazzercise,3/5/2018,Mo,8:30:00 AM,10:30:00 AM,Gym,Outside Group
Jazzercise,3/5/2018,Mo,4:15:00 PM,5:30:00 PM,Gym,Outside Group
Jazzercise,3/5/2018,Mo,5:45:00 PM,7:00:00 PM,Gym,Outside Group
Bible Study,3/5/2018,Mo,6:30:00 PM,8:00:00 PM,Keene Room,Bible Study
Classical Conversations,3/6/2018,Tu,8:00:00 AM,4:00:00 PM,Whole Building,Home School
Jazzercise,3/6/2018,Tu,8:30:00 AM,10:30:00 AM,Gym,Outside Group
West Circle Meeting,3/6/2018,Tu,11:00:00 AM,1:30:00 PM,Keene Room,CPWM Circle Meeting
Jazzercise,3/6/2018,Tu,4:15:00 PM,5:30:00 PM,Gym,Outside Group
Jazzercise,3/6/2018,Tu,5:45:00 PM,7:00:00 PM,Gym,Outside Group
Jazzercise,3/7/2018,We,8:30:00 AM,10:30:00 AM,Gym,Outside Group
Jazzercise,3/7/2018,We,5:45:00 PM,7:00:00 PM,Gym,Outside Group
Choir Practice,3/7/2018,We,6:30:00 PM,8:00:00 PM,Choir Room,Choir Practice
Thursday Connection,3/8/2018,Th,8:00:00 AM,5:00:00 PM,Whole Building,Home School
Jazzercise,3/8/2018,Th,9:00:00 AM,10:00:00 AM,Gym,Outside Group
Jazzercise,3/8/2018,Th,5:45:00 PM,6:45:00 PM,Gym,Outside Group
Jazzercise,3/9/2018,Fr,8:30:00 AM,10:30:00 AM,Gym,Outside Group
Jazzercise,3/10/2018,Sa,8:30:00 AM,10:30:00 AM,Gym,Outside Group
RPC - Worship,3/11/2018,Su,8:30:00 AM,9:45:00 AM,Gym,Worship Service
Sunday School,3/11/2018,Su,9:30:00 AM,10:30:00 AM,Whole Building,Sunday School
Worship Service,3/11/2018,Su,10:45:00 AM,12:15:00 PM,Sanctuary,Worship Service
Jazzercise,3/11/2018,Su,3:30:00 PM,5:00:00 PM,Gym,Outside Group
Jazzercise,3/12/2018,Mo,8:30:00 AM,10:30:00 AM,Gym,Outside Group
Jazzercise,3/12/2018,Mo,4:15:00 PM,5:30:00 PM,Gym,Outside Group
Jazzercise,3/12/2018,Mo,5:45:00 PM,7:00:00 PM,Gym,Outside Group
Bible Study,3/12/2018,Mo,6:30:00 PM,8:00:00 PM,Keene Room,Bible Study
Jazzercise,3/13/2018,Tu,8:30:00 AM,10:30:00 AM,Gym,Outside Group
Jazzercise,3/13/2018,Tu,4:15:00 PM,5:30:00 PM,Gym,Outside Group
Jazzercise,3/13/2018,Tu,5:45:00 PM,7:00:00 PM,Gym,Outside Group
Jazzercise,3/14/2018,We,8:30:00 AM,10:30:00 AM,Gym,Outside Group
Jazzercise,3/14/2018,We,5:45:00 PM,7:00:00 PM,Gym,Outside Group
Choir Practice,3/14/2018,We,6:30:00 PM,8:00:00 PM,Choir Room,Choir Practice
Thursday Connection,3/15/2018,Th,8:00:00 AM,5:00:00 PM,Whole Building,Home School
Jazzercise,3/15/2018,Th,9:00:00 AM,10:00:00 AM,Gym,Outside Group
Jazzercise,3/15/2018,Th,5:45:00 PM,6:45:00 PM,Gym,Outside Group
Jazzercise,3/16/2018,Fr,8:30:00 AM,10:30:00 AM,Gym,Outside Group
Jazzercise,3/17/2018,Sa,8:30:00 AM,10:30:00 AM,Gym,Outside Group
RPC - Worship,3/18/2018,Su,8:30:00 AM,9:45:00 AM,Gym,Worship Service
Sunday School,3/18/2018,Su,9:30:00 AM,10:30:00 AM,Whole Building,Sunday School
Worship Service,3/18/2018,Su,10:45:00 AM,12:15:00 PM,Sanctuary,Worship Service
Jazzercise,3/18/2018,Su,3:30:00 PM,5:00:00 PM,Gym,Outside Group
Jazzercise,3/19/2018,Mo,8:30:00 AM,10:30:00 AM,Gym,Outside Group
Jazzercise,3/19/2018,Mo,4:15:00 PM,5:30:00 PM,Gym,Outside Group
Jazzercise,3/19/2018,Mo,5:45:00 PM,7:00:00 PM,Gym,Outside Group
Bible Study,3/19/2018,Mo,6:30:00 PM,8:00:00 PM,Keene Room,Bible Study
Classical Conversations,3/20/2018,Tu,8:00:00 AM,4:00:00 PM,Whole Building,Home School
Jazzercise,3/20/2018,Tu,8:30:00 AM,10:30:00 AM,Gym,Outside Group
Jazzercise,3/20/2018,Tu,4:15:00 PM,5:30:00 PM,Gym,Outside Group
Jazzercise,3/20/2018,Tu,5:45:00 PM,7:00:00 PM,Gym,Outside Group
Jazzercise,3/21/2018,We,8:30:00 AM,10:30:00 AM,Gym,Outside Group
Jazzercise,3/21/2018,We,5:45:00 PM,7:00:00 PM,Gym,Outside Group
Choir Practice,3/21/2018,We,6:30:00 PM,8:00:00 PM,Choir Room,Choir Practice
Thursday Connection,3/22/2018,Th,8:00:00 AM,5:00:00 PM,Whole Building,Home School
Jazzercise,3/22/2018,Th,9:00:00 AM,10:00:00 AM,Gym,Outside Group
Jazzercise,3/22/2018,Th,5:45:00 PM,6:45:00 PM,Gym,Outside Group
SMHEA Graduation Team,3/22/2018,Th,7:00:00 PM,9:00:00 PM,McDonald Chapel,Home School
Jazzercise,3/23/2018,Fr,8:30:00 AM,10:30:00 AM,Gym,Outside Group
Jazzercise,3/24/2018,Sa,8:30:00 AM,10:30:00 AM,Gym,Outside Group
RPC - Worship,3/25/2018,Su,8:30:00 AM,9:45:00 AM,Gym,Worship Service
Sunday School,3/25/2018,Su,9:30:00 AM,10:30:00 AM,Whole Building,Sunday School
Worship Service,3/25/2018,Su,10:45:00 AM,12:15:00 PM,Sanctuary,Worship Service
Jazzercise,3/25/2018,Su,3:30:00 PM,5:00:00 PM,Gym,Outside Group
Session Meeting,3/25/2018,Su,6:00:00 PM,8:00:00 PM,Keene Room,Session Meeting
Jazzercise,3/26/2018,Mo,8:30:00 AM,10:30:00 AM,Gym,Outside Group
Jazzercise,3/26/2018,Mo,4:15:00 PM,5:30:00 PM,Gym,Outside Group
Jazzercise,3/26/2018,Mo,5:45:00 PM,7:00:00 PM,Gym,Outside Group
Bible Study,3/26/2018,Mo,6:30:00 PM,8:00:00 PM,Keene Room,Bible Study
Classical Conversations,3/27/2018,Tu,8:00:00 AM,4:00:00 PM,Whole Building,Home School
Jazzercise,3/27/2018,Tu,8:30:00 AM,10:30:00 AM,Gym,Outside Group
Jazzercise,3/27/2018,Tu,4:15:00 PM,5:30:00 PM,Gym,Outside Group
Jazzercise,3/27/2018,Tu,5:45:00 PM,7:00:00 PM,Gym,Outside Group
Jazzercise,3/28/2018,We,8:30:00 AM,10:30:00 AM,Gym,Outside Group
Jazzercise,3/28/2018,We,5:45:00 PM,7:00:00 PM,Gym,Outside Group
Choir Practice,3/28/2018,We,6:30:00 PM,8:00:00 PM,Choir Room,Choir Practice
Thursday Connection,3/29/2018,Th,8:00:00 AM,5:00:00 PM,Whole Building,Home School
Jazzercise,3/29/2018,Th,9:00:00 AM,10:00:00 AM,Gym,Outside Group
Jazzercise,3/29/2018,Th,5:45:00 PM,6:45:00 PM,Gym,Outside Group
Jazzercise,3/30/2018,Fr,8:30:00 AM,10:30:00 AM,Gym,Outside Group
Jazzercise,3/31/2018,Sa,8:30:00 AM,10:30:00 AM,Gym,Outside Group
RPC - Worship,4/1/2018,Su,8:30:00 AM,9:45:00 AM,Gym,Worship Service
Sunday School,4/1/2018,Su,9:30:00 AM,10:30:00 AM,Whole Building,Sunday School
Worship Service,4/1/2018,Su,10:45:00 AM,12:15:00 PM,Sanctuary,Worship Service
Jazzercise,4/1/2018,Su,3:30:00 PM,5:00:00 PM,Gym,Outside Group
Jazzercise,4/2/2018,Mo,8:30:00 AM,10:30:00 AM,Gym,Outside Group
Jazzercise,4/2/2018,Mo,4:15:00 PM,5:30:00 PM,Gym,Outside Group
Jazzercise,4/2/2018,Mo,5:45:00 PM,7:00:00 PM,Gym,Outside Group
Bible Study,4/2/2018,Mo,6:30:00 PM,8:00:00 PM,Keene Room,Bible Study
Classical Conversations,4/3/2018,Tu,8:00:00 AM,4:00:00 PM,Whole Building,Home School
Jazzercise,4/3/2018,Tu,8:30:00 AM,10:30:00 AM,Gym,Outside Group
West Circle Meeting,4/3/2018,Tu,11:00:00 AM,1:30:00 PM,Keene Room,CPWM Circle Meeting
Jazzercise,4/3/2018,Tu,4:15:00 PM,5:30:00 PM,Gym,Outside Group
Jazzercise,4/3/2018,Tu,5:45:00 PM,7:00:00 PM,Gym,Outside Group
Jazzercise,4/4/2018,We,8:30:00 AM,10:30:00 AM,Gym,Outside Group
Jazzercise,4/4/2018,We,5:45:00 PM,7:00:00 PM,Gym,Outside Group
Choir Practice,4/4/2018,We,6:30:00 PM,8:00:00 PM,Choir Room,Choir Practice
Thursday Connection,4/5/2018,Th,8:00:00 AM,5:00:00 PM,Whole Building,Home School
Jazzercise,4/5/2018,Th,9:00:00 AM,10:00:00 AM,Gym,Outside Group
Jazzercise,4/5/2018,Th,5:45:00 PM,6:45:00 PM,Gym,Outside Group
Jazzercise,4/6/2018,Fr,8:30:00 AM,10:30:00 AM,Gym,Outside Group
Jazzercise,4/7/2018,Sa,8:30:00 AM,10:30:00 AM,Gym,Outside Group
RPC - Worship,4/8/2018,Su,8:30:00 AM,9:45:00 AM,Gym,Worship Service
Sunday School,4/8/2018,Su,9:30:00 AM,10:30:00 AM,Whole Building,Sunday School
Worship Service,4/8/2018,Su,10:45:00 AM,12:15:00 PM,Sanctuary,Worship Service
Jazzercise,4/8/2018,Su,3:30:00 PM,5:00:00 PM,Gym,Outside Group
Jazzercise,4/9/2018,Mo,8:30:00 AM,10:30:00 AM,Gym,Outside Group
Jazzercise,4/9/2018,Mo,4:15:00 PM,5:30:00 PM,Gym,Outside Group
Jazzercise,4/9/2018,Mo,5:45:00 PM,7:00:00 PM,Gym,Outside Group
Bible Study,4/9/2018,Mo,6:30:00 PM,8:00:00 PM,Keene Room,Bible Study
Classical Conversations,4/10/2018,Tu,8:00:00 AM,4:00:00 PM,Whole Building,Home School
Jazzercise,4/10/2018,Tu,8:30:00 AM,10:30:00 AM,Gym,Outside Group
Jazzercise,4/10/2018,Tu,4:15:00 PM,5:30:00 PM,Gym,Outside Group
Jazzercise,4/10/2018,Tu,5:45:00 PM,7:00:00 PM,Gym,Outside Group
Jazzercise,4/11/2018,We,8:30:00 AM,10:30:00 AM,Gym,Outside Group
Jazzercise,4/11/2018,We,5:45:00 PM,7:00:00 PM,Gym,Outside Group
Choir Practice,4/11/2018,We,6:30:00 PM,8:00:00 PM,Choir Room,Choir Practice
Thursday Connection,4/12/2018,Th,8:00:00 AM,5:00:00 PM,Whole Building,Home School
Jazzercise,4/12/2018,Th,9:00:00 AM,10:00:00 AM,Gym,Outside Group
Jazzercise,4/12/2018,Th,5:45:00 PM,6:45:00 PM,Gym,Outside Group
Jazzercise,4/13/2018,Fr,8:30:00 AM,10:30:00 AM,Gym,Outside Group
Cub Scouts ~ Pinewood Derby,4/13/2018,Fr,5:00:00 PM,9:00:00 PM,Gym,Cub Scout Event
Classical Conversations~Director’s Licencing Orientation,4/14/2018,Sa,8:00:00 AM,6:00:00 PM,Sanctuary,Home School
Cub Scouts ~ Pinewood Derby,4/14/2018,Sa,9:00:00 AM,3:30:00 PM,Gym,Cub Scout Event
RPC - Worship,4/15/2018,Su,8:30:00 AM,9:45:00 AM,Gym,Worship Service
Sunday School,4/15/2018,Su,9:30:00 AM,10:30:00 AM,Whole Building,Sunday School
Worship Service~Home School Sunday,4/15/2018,Su,10:45:00 AM,12:15:00 PM,Sanctuary,Worship Service
Jazzercise,4/15/2018,Su,3:30:00 PM,5:00:00 PM,Gym,Outside Group
Jazzercise,4/16/2018,Mo,8:30:00 AM,10:30:00 AM,Gym,Outside Group
Jazzercise,4/16/2018,Mo,4:15:00 PM,5:30:00 PM,Gym,Outside Group
Jazzercise,4/16/2018,Mo,5:45:00 PM,7:00:00 PM,Gym,Outside Group
Bible Study,4/16/2018,Mo,6:30:00 PM,8:00:00 PM,Keene Room,Bible Study
Classical Conversations,4/17/2018,Tu,8:00:00 AM,4:00:00 PM,Whole Building,Home School
Jazzercise,4/17/2018,Tu,8:30:00 AM,10:30:00 AM,Gym,Outside Group
Jazzercise,4/17/2018,Tu,4:15:00 PM,5:30:00 PM,Gym,Outside Group
Jazzercise,4/17/2018,Tu,5:45:00 PM,7:00:00 PM,Gym,Outside Group
Jazzercise,4/18/2018,We,8:30:00 AM,10:30:00 AM,Gym,Outside Group
Jazzercise,4/18/2018,We,5:45:00 PM,7:00:00 PM,Gym,Outside Group
Choir Practice,4/18/2018,We,6:30:00 PM,8:00:00 PM,Choir Room,Choir Practice
Thursday Connection,4/19/2018,Th,8:00:00 AM,5:00:00 PM,Whole Building,Home School
Jazzercise,4/19/2018,Th,9:00:00 AM,10:00:00 AM,Gym,Outside Group
Jazzercise,4/19/2018,Th,5:45:00 PM,6:45:00 PM,Gym,Outside Group
Jazzercise,4/20/2018,Fr,8:30:00 AM,10:30:00 AM,Gym,Outside Group
Thursday Connection ~ Talent School,4/20/2018,Fr,4:00:00 PM,9:00:00 PM,Gym,Home School
Jazzercise,4/21/2018,Sa,8:30:00 AM,10:30:00 AM,Gym,Outside Group
RPC - Worship,4/22/2018,Su,8:30:00 AM,9:45:00 AM,Gym,Worship Service
Sunday School,4/22/2018,Su,9:30:00 AM,10:30:00 AM,Whole Building,Sunday School
Worship Service,4/22/2018,Su,10:45:00 AM,12:15:00 PM,Sanctuary,Worship Service
Jazzercise,4/22/2018,Su,3:30:00 PM,5:00:00 PM,Gym,Outside Group
Session Meeting,4/22/2018,Su,6:00:00 PM,8:00:00 PM,Keene Room,Session Meeting
Jazzercise,4/23/2018,Mo,8:30:00 AM,10:30:00 AM,Gym,Outside Group
Jazzercise,4/23/2018,Mo,4:15:00 PM,5:30:00 PM,Gym,Outside Group
Jazzercise,4/23/2018,Mo,5:45:00 PM,7:00:00 PM,Gym,Outside Group
Bible Study,4/23/2018,Mo,6:30:00 PM,8:00:00 PM,Keene Room,Bible Study
Classical Conversations,4/24/2018,Tu,8:00:00 AM,4:00:00 PM,Whole Building,Home School
Jazzercise,4/24/2018,Tu,8:30:00 AM,10:30:00 AM,Gym,Outside Group
Jazzercise,4/24/2018,Tu,4:15:00 PM,5:30:00 PM,Gym,Outside Group
Jazzercise,4/24/2018,Tu,5:45:00 PM,7:00:00 PM,Gym,Outside Group
Jazzercise,4/25/2018,We,8:30:00 AM,10:30:00 AM,Gym,Outside Group
Jazzercise,4/25/2018,We,5:45:00 PM,7:00:00 PM,Gym,Outside Group
Choir Practice,4/25/2018,We,6:30:00 PM,8:00:00 PM,Choir Room,Choir Practice
Thursday Connection,4/26/2018,Th,8:00:00 AM,5:00:00 PM,Whole Building,Home School
Jazzercise,4/26/2018,Th,9:00:00 AM,10:00:00 AM,Gym,Outside Group
SMHEA Graduation Team,4/26/2018,Th,5:30:00 PM,7:30:00 PM,McDonald Chapel,Home School
Jazzercise,4/26/2018,Th,5:45:00 PM,6:45:00 PM,Gym,Outside Group
Jazzercise,4/27/2018,Fr,8:30:00 AM,10:30:00 AM,Gym,Outside Group
Jazzercise,4/28/2018,Sa,8:30:00 AM,10:30:00 AM,Gym,Outside Group
RPC - Worship,4/29/2018,Su,8:30:00 AM,9:45:00 AM,Gym,Worship Service
Sunday School,4/29/2018,Su,9:30:00 AM,10:30:00 AM,Whole Building,Sunday School
Worship Service,4/29/2018,Su,10:45:00 AM,12:15:00 PM,Sanctuary,Worship Service
Jazzercise,4/29/2018,Su,3:30:00 PM,5:00:00 PM,Gym,Outside Group
Jazzercise,4/30/2018,Mo,8:30:00 AM,10:30:00 AM,Gym,Outside Group
Jazzercise,4/30/2018,Mo,4:15:00 PM,5:30:00 PM,Gym,Outside Group
Jazzercise,4/30/2018,Mo,5:45:00 PM,7:00:00 PM,Gym,Outside Group
Bible Study,4/30/2018,Mo,6:30:00 PM,8:00:00 PM,Keene Room,Bible Study
Classical Conversations,5/1/2018,Tu,8:00:00 AM,4:00:00 PM,Whole Building,Home School
Jazzercise,5/1/2018,Tu,8:30:00 AM,10:30:00 AM,Gym,Outside Group
West Circle Meeting,5/1/2018,Tu,11:00:00 AM,1:30:00 PM,Keene Room,CPWM Circle Meeting
Jazzercise,5/1/2018,Tu,4:15:00 PM,5:30:00 PM,Gym,Outside Group
Jazzercise,5/1/2018,Tu,5:45:00 PM,7:00:00 PM,Gym,Outside Group
Jazzercise,5/2/2018,We,8:30:00 AM,10:30:00 AM,Gym,Outside Group
Jazzercise,5/2/2018,We,5:45:00 PM,7:00:00 PM,Gym,Outside Group
Choir Practice,5/2/2018,We,6:30:00 PM,8:00:00 PM,Choir Room,Choir Practice
Thursday Connection,5/3/2018,Th,8:00:00 AM,5:00:00 PM,Whole Building,Home School
Jazzercise,5/3/2018,Th,9:00:00 AM,10:00:00 AM,Gym,Outside Group
Jazzercise,5/3/2018,Th,5:45:00 PM,6:45:00 PM,Gym,Outside Group
Jazzercise,5/4/2018,Fr,8:30:00 AM,10:30:00 AM,Gym,Outside Group
Jazzercise,5/5/2018,Sa,8:30:00 AM,10:30:00 AM,Gym,Outside Group
RPC - Worship,5/6/2018,Su,8:30:00 AM,9:45:00 AM,Gym,Worship Service
Sunday School,5/6/2018,Su,9:30:00 AM,10:30:00 AM,Whole Building,Sunday School
Worship Service,5/6/2018,Su,10:45:00 AM,12:15:00 PM,Sanctuary,Worship Service
Jazzercise,5/6/2018,Su,3:30:00 PM,5:00:00 PM,Gym,Outside Group
Jazzercise,5/7/2018,Mo,8:30:00 AM,10:30:00 AM,Gym,Outside Group
Classical Conversation Testing,5/7/2018,Mo,9:00:00 AM,4:00:00 PM,Room #30,Home School
Jazzercise,5/7/2018,Mo,4:15:00 PM,5:30:00 PM,Gym,Outside Group
Jazzercise,5/7/2018,Mo,5:45:00 PM,7:00:00 PM,Gym,Outside Group
Bible Study,5/7/2018,Mo,6:30:00 PM,8:00:00 PM,Keene Room,Bible Study
Classical Conversations,5/8/2018,Tu,8:00:00 AM,4:00:00 PM,Whole Building,Home School
Jazzercise,5/8/2018,Tu,8:30:00 AM,10:30:00 AM,Gym,Outside Group
Classical Conversation Testing,5/8/2018,Tu,9:00:00 AM,4:00:00 PM,Room #30,Home School
Jazzercise,5/8/2018,Tu,4:15:00 PM,5:30:00 PM,Gym,Outside Group
Jazzercise,5/8/2018,Tu,5:45:00 PM,7:00:00 PM,Gym,Outside Group
Jazzercise,5/9/2018,We,8:30:00 AM,10:30:00 AM,Gym,Outside Group
Jazzercise,5/9/2018,We,5:45:00 PM,7:00:00 PM,Gym,Outside Group
Choir Practice,5/9/2018,We,6:30:00 PM,8:00:00 PM,Choir Room,Choir Practice
Jazzercise,5/10/2018,Th,9:00:00 AM,10:00:00 AM,Gym,Outside Group
Jazzercise,5/10/2018,Th,5:45:00 PM,6:45:00 PM,Gym,Outside Group
Jazzercise,5/11/2018,Fr,8:30:00 AM,10:30:00 AM,Gym,Outside Group
Jazzercise,5/12/2018,Sa,8:30:00 AM,10:30:00 AM,Gym,Outside Group
RPC - Worship,5/13/2018,Su,8:30:00 AM,9:45:00 AM,Gym,Worship Service
Sunday School,5/13/2018,Su,9:30:00 AM,10:30:00 AM,Whole Building,Sunday School
Worship Service,5/13/2018,Su,10:45:00 AM,12:15:00 PM,Sanctuary,Worship Service
Jazzercise,5/13/2018,Su,3:30:00 PM,5:00:00 PM,Gym,Outside Group
Jazzercise,5/14/2018,Mo,8:30:00 AM,10:30:00 AM,Gym,Outside Group
Jazzercise,5/14/2018,Mo,4:15:00 PM,5:30:00 PM,Gym,Outside Group
Jazzercise,5/14/2018,Mo,5:45:00 PM,7:00:00 PM,Gym,Outside Group
Bible Study,5/14/2018,Mo,6:30:00 PM,8:00:00 PM,Keene Room,Bible Study
Jazzercise,5/15/2018,Tu,8:30:00 AM,10:30:00 AM,Gym,Outside Group
Jazzercise,5/15/2018,Tu,4:15:00 PM,5:30:00 PM,Gym,Outside Group
Jazzercise,5/15/2018,Tu,5:45:00 PM,7:00:00 PM,Gym,Outside Group
Jazzercise,5/16/2018,We,8:30:00 AM,10:30:00 AM,Gym,Outside Group
Jazzercise,5/16/2018,We,5:45:00 PM,7:00:00 PM,Gym,Outside Group
Choir Practice,5/16/2018,We,6:30:00 PM,8:00:00 PM,Choir Room,Choir Practice
Jazzercise,5/17/2018,Th,9:00:00 AM,10:00:00 AM,Gym,Outside Group
Jazzercise,5/17/2018,Th,5:45:00 PM,6:45:00 PM,Gym,Outside Group
Jazzercise,5/18/2018,Fr,8:30:00 AM,10:30:00 AM,Gym,Outside Group
Jazzercise,5/19/2018,Sa,8:30:00 AM,10:30:00 AM,Gym,Outside Group
RPC - Worship,5/20/2018,Su,8:30:00 AM,9:45:00 AM,Gym,Worship Service
Sunday School,5/20/2018,Su,9:30:00 AM,10:30:00 AM,Whole Building,Sunday School
Worship Service,5/20/2018,Su,10:45:00 AM,12:15:00 PM,Sanctuary,Worship Service
Jazzercise,5/20/2018,Su,3:30:00 PM,5:00:00 PM,Gym,Outside Group
Jazzercise,5/21/2018,Mo,8:30:00 AM,10:30:00 AM,Gym,Outside Group
Jazzercise,5/21/2018,Mo,4:15:00 PM,5:30:00 PM,Gym,Outside Group
Jazzercise,5/21/2018,Mo,5:45:00 PM,7:00:00 PM,Gym,Outside Group
Bible Study,5/21/2018,Mo,6:30:00 PM,8:00:00 PM,Keene Room,Bible Study
Jazzercise,5/22/2018,Tu,8:30:00 AM,10:30:00 AM,Gym,Outside Group
Jazzercise,5/22/2018,Tu,4:15:00 PM,5:30:00 PM,Gym,Outside Group
Jazzercise,5/22/2018,Tu,5:45:00 PM,7:00:00 PM,Gym,Outside Group
Jazzercise,5/23/2018,We,8:30:00 AM,10:30:00 AM,Gym,Outside Group
Jazzercise,5/23/2018,We,5:45:00 PM,7:00:00 PM,Gym,Outside Group
Choir Practice,5/23/2018,We,6:30:00 PM,8:00:00 PM,Choir Room,Choir Practice
Jazzercise,5/24/2018,Th,5:45:00 PM,6:45:00 PM,Gym,Outside Group
Jazzercise,5/25/2018,Fr,8:30:00 AM,10:30:00 AM,Gym,Outside Group
Jazzercise,5/26/2018,Sa,8:30:00 AM,10:30:00 AM,Gym,Outside Group
RPC - Worship,5/27/2018,Su,8:30:00 AM,9:45:00 AM,Gym,Worship Service
Sunday School,5/27/2018,Su,9:30:00 AM,10:30:00 AM,Whole Building,Sunday School
Worship Service,5/27/2018,Su,10:45:00 AM,12:15:00 PM,Sanctuary,Worship Service
Jazzercise,5/27/2018,Su,3:30:00 PM,5:00:00 PM,Gym,Outside Group
Session Meeting,5/27/2018,Su,6:00:00 PM,8:00:00 PM,Keene Room,Session Meeting
Jazzercise,5/28/2018,Mo,8:30:00 AM,10:30:00 AM,Gym,Outside Group
Jazzercise,5/28/2018,Mo,4:15:00 PM,5:30:00 PM,Gym,Outside Group
Jazzercise,5/28/2018,Mo,5:45:00 PM,7:00:00 PM,Gym,Outside Group
Bible Study,5/28/2018,Mo,6:30:00 PM,8:00:00 PM,Keene Room,Bible Study
Jazzercise,5/29/2018,Tu,8:30:00 AM,10:30:00 AM,Gym,Outside Group
Jazzercise,5/29/2018,Tu,4:15:00 PM,5:30:00 PM,Gym,Outside Group
Jazzercise,5/29/2018,Tu,5:45:00 PM,7:00:00 PM,Gym,Outside Group
Jazzercise,5/30/2018,We,8:30:00 AM,10:30:00 AM,Gym,Outside Group
Jazzercise,5/30/2018,We,5:45:00 PM,7:00:00 PM,Gym,Outside Group
Choir Practice,5/30/2018,We,6:30:00 PM,8:00:00 PM,Choir Room,Choir Practice
Jazzercise,5/31/2018,Th,5:45:00 PM,6:45:00 PM,Gym,Outside Group
Jazzercise,6/1/2018,Fr,8:30:00 AM,10:30:00 AM,Gym,Outside Group
Jazzercise,6/2/2018,Sa,8:30:00 AM,10:30:00 AM,Gym,Outside Group
RPC - Worship,6/3/2018,Su,8:30:00 AM,9:45:00 AM,Gym,Worship Service
Sunday School,6/3/2018,Su,9:30:00 AM,10:30:00 AM,Whole Building,Sunday School
Worship Service,6/3/2018,Su,10:45:00 AM,12:15:00 PM,Sanctuary,Worship Service
Jazzercise,6/3/2018,Su,3:30:00 PM,5:00:00 PM,Gym,Outside Group
Jazzercise,6/4/2018,Mo,8:30:00 AM,10:30:00 AM,Gym,Outside Group
Jazzercise,6/4/2018,Mo,4:15:00 PM,5:30:00 PM,Gym,Outside Group
Jazzercise,6/4/2018,Mo,5:45:00 PM,7:00:00 PM,Gym,Outside Group
Bible Study,6/4/2018,Mo,6:30:00 PM,8:00:00 PM,Keene Room,Bible Study
Jazzercise,6/5/2018,Tu,8:30:00 AM,10:30:00 AM,Gym,Outside Group
West Circle Meeting,6/5/2018,Tu,11:00:00 AM,1:30:00 PM,Keene Room,CPWM Circle Meeting
Jazzercise,6/5/2018,Tu,4:15:00 PM,5:30:00 PM,Gym,Outside Group
Jazzercise,6/5/2018,Tu,5:45:00 PM,7:00:00 PM,Gym,Outside Group
Jazzercise,6/6/2018,We,8:30:00 AM,10:30:00 AM,Gym,Outside Group
Jazzercise,6/6/2018,We,5:45:00 PM,7:00:00 PM,Gym,Outside Group
Choir Practice,6/6/2018,We,6:30:00 PM,8:00:00 PM,Choir Room,Choir Practice
Jazzercise,6/7/2018,Th,5:45:00 PM,6:45:00 PM,Gym,Outside Group
Jazzercise,6/8/2018,Fr,8:30:00 AM,10:30:00 AM,Gym,Outside Group
Jazzercise,6/9/2018,Sa,8:30:00 AM,10:30:00 AM,Gym,Outside Group
RPC - Worship,6/10/2018,Su,8:30:00 AM,9:45:00 AM,Gym,Worship Service
Sunday School,6/10/2018,Su,9:30:00 AM,10:30:00 AM,Whole Building,Sunday School
Worship Service,6/10/2018,Su,10:45:00 AM,12:15:00 PM,Sanctuary,Worship Service
Jazzercise,6/10/2018,Su,3:30:00 PM,5:00:00 PM,Gym,Outside Group
Jazzercise,6/11/2018,Mo,8:30:00 AM,10:30:00 AM,Gym,Outside Group
Jazzercise,6/11/2018,Mo,4:15:00 PM,5:30:00 PM,Gym,Outside Group
Jazzercise,6/11/2018,Mo,5:45:00 PM,7:00:00 PM,Gym,Outside Group
Bible Study,6/11/2018,Mo,6:30:00 PM,8:00:00 PM,Keene Room,Bible Study
Jazzercise,6/12/2018,Tu,8:30:00 AM,10:30:00 AM,Gym,Outside Group
Jazzercise,6/12/2018,Tu,4:15:00 PM,5:30:00 PM,Gym,Outside Group
Jazzercise,6/12/2018,Tu,5:45:00 PM,7:00:00 PM,Gym,Outside Group
Jazzercise,6/13/2018,We,8:30:00 AM,10:30:00 AM,Gym,Outside Group
Jazzercise,6/13/2018,We,5:45:00 PM,7:00:00 PM,Gym,Outside Group
Choir Practice,6/13/2018,We,6:30:00 PM,8:00:00 PM,Choir Room,Choir Practice
Jazzercise,6/14/2018,Th,5:45:00 PM,6:45:00 PM,Gym,Outside Group
Jazzercise,6/15/2018,Fr,8:30:00 AM,10:30:00 AM,Gym,Outside Group
Jazzercise,6/16/2018,Sa,8:30:00 AM,10:30:00 AM,Gym,Outside Group
RPC - Worship,6/17/2018,Su,8:30:00 AM,9:45:00 AM,Gym,Worship Service
Sunday School,6/17/2018,Su,9:30:00 AM,10:30:00 AM,Whole Building,Sunday School
Worship Service,6/17/2018,Su,10:45:00 AM,12:15:00 PM,Sanctuary,Worship Service
Jazzercise,6/17/2018,Su,3:30:00 PM,5:00:00 PM,Gym,Outside Group
Jazzercise,6/18/2018,Mo,8:30:00 AM,10:30:00 AM,Gym,Outside Group
Jazzercise,6/18/2018,Mo,4:15:00 PM,5:30:00 PM,Gym,Outside Group
Jazzercise,6/18/2018,Mo,5:45:00 PM,7:00:00 PM,Gym,Outside Group
Bible Study,6/18/2018,Mo,6:30:00 PM,8:00:00 PM,Keene Room,Bible Study
Jazzercise,6/19/2018,Tu,8:30:00 AM,10:30:00 AM,Gym,Outside Group
Jazzercise,6/19/2018,Tu,4:15:00 PM,5:30:00 PM,Gym,Outside Group
Jazzercise,6/19/2018,Tu,5:45:00 PM,7:00:00 PM,Gym,Outside Group
Jazzercise,6/20/2018,We,8:30:00 AM,10:30:00 AM,Gym,Outside Group
Jazzercise,6/20/2018,We,5:45:00 PM,7:00:00 PM,Gym,Outside Group
Choir Practice,6/20/2018,We,6:30:00 PM,8:00:00 PM,Choir Room,Choir Practice
Jazzercise,6/21/2018,Th,5:45:00 PM,6:45:00 PM,Gym,Outside Group
Jazzercise,6/22/2018,Fr,8:30:00 AM,10:30:00 AM,Gym,Outside Group
Jazzercise,6/23/2018,Sa,8:30:00 AM,10:30:00 AM,Gym,Outside Group
RPC - Worship,6/24/2018,Su,8:30:00 AM,9:45:00 AM,Gym,Worship Service
Sunday School,6/24/2018,Su,9:30:00 AM,10:30:00 AM,Whole Building,Sunday School
Worship Service,6/24/2018,Su,10:45:00 AM,12:15:00 PM,Sanctuary,Worship Service
Jazzercise,6/24/2018,Su,3:30:00 PM,5:00:00 PM,Gym,Outside Group
Session Meeting,6/24/2018,Su,6:00:00 PM,8:00:00 PM,Keene Room,Session Meeting
Jazzercise,6/25/2018,Mo,8:30:00 AM,10:30:00 AM,Gym,Outside Group
Jazzercise,6/25/2018,Mo,4:15:00 PM,5:30:00 PM,Gym,Outside Group
Jazzercise,6/25/2018,Mo,5:45:00 PM,7:00:00 PM,Gym,Outside Group
Bible Study,6/25/2018,Mo,6:30:00 PM,8:00:00 PM,Keene Room,Bible Study
Jazzercise,6/26/2018,Tu,8:30:00 AM,10:30:00 AM,Gym,Outside Group
Jazzercise,6/26/2018,Tu,4:15:00 PM,5:30:00 PM,Gym,Outside Group
Jazzercise,6/26/2018,Tu,5:45:00 PM,7:00:00 PM,Gym,Outside Group
Jazzercise,6/27/2018,We,8:30:00 AM,10:30:00 AM,Gym,Outside Group
Jazzercise,6/27/2018,We,5:45:00 PM,7:00:00 PM,Gym,Outside Group
Choir Practice,6/27/2018,We,6:30:00 PM,8:00:00 PM,Choir Room,Choir Practice
Jazzercise,6/28/2018,Th,5:45:00 PM,6:45:00 PM,Gym,Outside Group
Jazzercise,6/29/2018,Fr,8:30:00 AM,10:30:00 AM,Gym,Outside Group
Jazzercise,6/30/2018,Sa,8:30:00 AM,10:30:00 AM,Gym,Outside Group
RPC - Worship,7/1/2018,Su,8:30:00 AM,9:45:00 AM,Gym,Worship Service
Sunday School,7/1/2018,Su,9:30:00 AM,10:30:00 AM,Whole Building,Sunday School
Worship Service,7/1/2018,Su,10:45:00 AM,12:15:00 PM,Sanctuary,Worship Service
Jazzercise,7/1/2018,Su,3:30:00 PM,5:00:00 PM,Gym,Outside Group
Jazzercise,7/2/2018,Mo,8:30:00 AM,10:30:00 AM,Gym,Outside Group
Jazzercise,7/2/2018,Mo,4:15:00 PM,5:30:00 PM,Gym,Outside Group
Jazzercise,7/2/2018,Mo,5:45:00 PM,7:00:00 PM,Gym,Outside Group
Bible Study,7/2/2018,Mo,6:30:00 PM,8:00:00 PM,Keene Room,Bible Study
Jazzercise,7/3/2018,Tu,8:30:00 AM,10:30:00 AM,Gym,Outside Group
West Circle Meeting,7/3/2018,Tu,11:00:00 AM,1:30:00 PM,Keene Room,CPWM Circle Meeting
Jazzercise,7/3/2018,Tu,4:15:00 PM,5:30:00 PM,Gym,Outside Group
Jazzercise,7/3/2018,Tu,5:45:00 PM,7:00:00 PM,Gym,Outside Group
July 4th Holiday~Office Closed,7/4/2018,We,12:00:00 AM,11:45:00 PM,Off Site Activity,Holiday
Jazzercise,7/4/2018,We,8:30:00 AM,10:30:00 AM,Gym,Outside Group
Jazzercise,7/4/2018,We,5:45:00 PM,7:00:00 PM,Gym,Outside Group
Jazzercise,7/5/2018,Th,5:45:00 PM,6:45:00 PM,Gym,Outside Group
Jazzercise,7/6/2018,Fr,8:30:00 AM,10:30:00 AM,Gym,Outside Group
Jazzercise,7/7/2018,Sa,8:30:00 AM,10:30:00 AM,Gym,Outside Group
RPC - Worship,7/8/2018,Su,8:30:00 AM,9:45:00 AM,Gym,Worship Service
Sunday School,7/8/2018,Su,9:30:00 AM,10:30:00 AM,Whole Building,Sunday School
Worship Service,7/8/2018,Su,10:45:00 AM,12:15:00 PM,Sanctuary,Worship Service
Jazzercise,7/8/2018,Su,3:30:00 PM,5:00:00 PM,Gym,Outside Group
Jazzercise,7/9/2018,Mo,8:30:00 AM,10:30:00 AM,Gym,Outside Group
Jazzercise,7/9/2018,Mo,4:15:00 PM,5:30:00 PM,Gym,Outside Group
Jazzercise,7/9/2018,Mo,5:45:00 PM,7:00:00 PM,Gym,Outside Group
Bible Study,7/9/2018,Mo,6:30:00 PM,8:00:00 PM,Keene Room,Bible Study
Jazzercise,7/10/2018,Tu,8:30:00 AM,10:30:00 AM,Gym,Outside Group
Jazzercise,7/10/2018,Tu,4:15:00 PM,5:30:00 PM,Gym,Outside Group
Jazzercise,7/10/2018,Tu,5:45:00 PM,7:00:00 PM,Gym,Outside Group
Jazzercise,7/11/2018,We,8:30:00 AM,10:30:00 AM,Gym,Outside Group
Jazzercise,7/11/2018,We,5:45:00 PM,7:00:00 PM,Gym,Outside Group
Choir Practice,7/11/2018,We,6:30:00 PM,8:00:00 PM,Choir Room,Choir Practice
Jazzercise,7/12/2018,Th,5:45:00 PM,6:45:00 PM,Gym,Outside Group
Jazzercise,7/13/2018,Fr,8:30:00 AM,10:30:00 AM,Gym,Outside Group
Jazzercise,7/14/2018,Sa,8:30:00 AM,10:30:00 AM,Gym,Outside Group
RPC - Worship,7/15/2018,Su,8:30:00 AM,9:45:00 AM,Gym,Worship Service
Sunday School,7/15/2018,Su,9:30:00 AM,10:30:00 AM,Whole Building,Sunday School
Worship Service,7/15/2018,Su,10:45:00 AM,12:15:00 PM,Sanctuary,Worship Service
Jazzercise,7/15/2018,Su,3:30:00 PM,5:00:00 PM,Gym,Outside Group
Jazzercise,7/16/2018,Mo,8:30:00 AM,10:30:00 AM,Gym,Outside Group
Jazzercise,7/16/2018,Mo,4:15:00 PM,5:30:00 PM,Gym,Outside Group
Jazzercise,7/16/2018,Mo,5:45:00 PM,7:00:00 PM,Gym,Outside Group
Bible Study,7/16/2018,Mo,6:30:00 PM,8:00:00 PM,Keene Room,Bible Study
Jazzercise,7/17/2018,Tu,8:30:00 AM,10:30:00 AM,Gym,Outside Group
Jazzercise,7/17/2018,Tu,4:15:00 PM,5:30:00 PM,Gym,Outside Group
Jazzercise,7/17/2018,Tu,5:45:00 PM,7:00:00 PM,Gym,Outside Group
Jazzercise,7/18/2018,We,8:30:00 AM,10:30:00 AM,Gym,Outside Group
Jazzercise,7/18/2018,We,5:45:00 PM,7:00:00 PM,Gym,Outside Group
Choir Practice,7/18/2018,We,6:30:00 PM,8:00:00 PM,Choir Room,Choir Practice
Jazzercise,7/19/2018,Th,5:45:00 PM,6:45:00 PM,Gym,Outside Group
Jazzercise,7/20/2018,Fr,8:30:00 AM,10:30:00 AM,Gym,Outside Group
Jazzercise,7/21/2018,Sa,8:30:00 AM,10:30:00 AM,Gym,Outside Group
RPC - Worship,7/22/2018,Su,8:30:00 AM,9:45:00 AM,Gym,Worship Service
Sunday School,7/22/2018,Su,9:30:00 AM,10:30:00 AM,Whole Building,Sunday School
Worship Service,7/22/2018,Su,10:45:00 AM,12:15:00 PM,Sanctuary,Worship Service
Jazzercise,7/22/2018,Su,3:30:00 PM,5:00:00 PM,Gym,Outside Group
Session Meeting,7/22/2018,Su,6:00:00 PM,8:00:00 PM,Keene Room,Session Meeting
Jazzercise,7/23/2018,Mo,8:30:00 AM,10:30:00 AM,Gym,Outside Group
Jazzercise,7/23/2018,Mo,4:15:00 PM,5:30:00 PM,Gym,Outside Group
Jazzercise,7/23/2018,Mo,5:45:00 PM,7:00:00 PM,Gym,Outside Group
Jazzercise,7/24/2018,Tu,8:30:00 AM,10:30:00 AM,Gym,Outside Group
Jazzercise,7/24/2018,Tu,4:15:00 PM,5:30:00 PM,Gym,Outside Group
Jazzercise,7/24/2018,Tu,5:45:00 PM,7:00:00 PM,Gym,Outside Group
Jazzercise,7/25/2018,We,8:30:00 AM,10:30:00 AM,Gym,Outside Group
Jazzercise,7/25/2018,We,5:45:00 PM,7:00:00 PM,Gym,Outside Group
Choir Practice,7/25/2018,We,6:30:00 PM,8:00:00 PM,Choir Room,Choir Practice
Jazzercise,7/26/2018,Th,5:45:00 PM,6:45:00 PM,Gym,Outside Group
Jazzercise,7/27/2018,Fr,8:30:00 AM,10:30:00 AM,Gym,Outside Group
Jazzercise,7/28/2018,Sa,8:30:00 AM,10:30:00 AM,Gym,Outside Group
RPC - Worship,7/29/2018,Su,8:30:00 AM,9:45:00 AM,Gym,Worship Service
Sunday School,7/29/2018,Su,9:30:00 AM,10:30:00 AM,Whole Building,Sunday School
Worship Service,7/29/2018,Su,10:45:00 AM,12:15:00 PM,Sanctuary,Worship Service
Jazzercise,7/29/2018,Su,3:30:00 PM,5:00:00 PM,Gym,Outside Group
Jazzercise,7/30/2018,Mo,8:30:00 AM,10:30:00 AM,Gym,Outside Group
Jazzercise,7/30/2018,Mo,4:15:00 PM,5:30:00 PM,Gym,Outside Group
Jazzercise,7/30/2018,Mo,5:45:00 PM,7:00:00 PM,Gym,Outside Group
Jazzercise,7/31/2018,Tu,8:30:00 AM,10:30:00 AM,Gym,Outside Group
Jazzercise,7/31/2018,Tu,4:15:00 PM,5:30:00 PM,Gym,Outside Group
Jazzercise,7/31/2018,Tu,5:45:00 PM,7:00:00 PM,Gym,Outside Group
Jazzercise,8/1/2018,We,8:30:00 AM,10:30:00 AM,Gym,Outside Group
Jazzercise,8/1/2018,We,5:45:00 PM,7:00:00 PM,Gym,Outside Group
Choir Practice,8/1/2018,We,6:30:00 PM,8:00:00 PM,Choir Room,Choir Practice
Jazzercise,8/2/2018,Th,5:45:00 PM,6:45:00 PM,Gym,Outside Group
Jazzercise,8/3/2018,Fr,8:30:00 AM,10:30:00 AM,Gym,Outside Group
Jazzercise,8/4/2018,Sa,8:30:00 AM,10:30:00 AM,Gym,Outside Group
RPC - Worship,8/5/2018,Su,8:30:00 AM,9:45:00 AM,Gym,Worship Service
Sunday School,8/5/2018,Su,9:30:00 AM,10:30:00 AM,Whole Building,Sunday School
Worship Service,8/5/2018,Su,10:45:00 AM,12:15:00 PM,Sanctuary,Worship Service
Jazzercise,8/5/2018,Su,3:30:00 PM,5:00:00 PM,Gym,Outside Group
Jazzercise,8/6/2018,Mo,8:30:00 AM,10:30:00 AM,Gym,Outside Group
Jazzercise,8/6/2018,Mo,4:15:00 PM,5:30:00 PM,Gym,Outside Group
Jazzercise,8/6/2018,Mo,5:45:00 PM,7:00:00 PM,Gym,Outside Group
Jazzercise,8/7/2018,Tu,8:30:00 AM,10:30:00 AM,Gym,Outside Group
West Circle Meeting,8/7/2018,Tu,11:00:00 AM,1:30:00 PM,Keene Room,CPWM Circle Meeting
Jazzercise,8/7/2018,Tu,4:15:00 PM,5:30:00 PM,Gym,Outside Group
Jazzercise,8/7/2018,Tu,5:45:00 PM,7:00:00 PM,Gym,Outside Group
Jazzercise,8/8/2018,We,8:30:00 AM,10:30:00 AM,Gym,Outside Group
Jazzercise,8/8/2018,We,5:45:00 PM,7:00:00 PM,Gym,Outside Group
Choir Practice,8/8/2018,We,6:30:00 PM,8:00:00 PM,Choir Room,Choir Practice
Jazzercise,8/9/2018,Th,5:45:00 PM,6:45:00 PM,Gym,Outside Group
Jazzercise,8/10/2018,Fr,8:30:00 AM,10:30:00 AM,Gym,Outside Group
Jazzercise,8/11/2018,Sa,8:30:00 AM,10:30:00 AM,Gym,Outside Group
RPC - Worship,8/12/2018,Su,8:30:00 AM,9:45:00 AM,Gym,Worship Service
Sunday School,8/12/2018,Su,9:30:00 AM,10:30:00 AM,Whole Building,Sunday School
Worship Service,8/12/2018,Su,10:45:00 AM,12:15:00 PM,Sanctuary,Worship Service
Jazzercise,8/12/2018,Su,3:30:00 PM,5:00:00 PM,Gym,Outside Group
Jazzercise,8/13/2018,Mo,8:30:00 AM,10:30:00 AM,Gym,Outside Group
Jazzercise,8/13/2018,Mo,4:15:00 PM,5:30:00 PM,Gym,Outside Group
Jazzercise,8/13/2018,Mo,5:45:00 PM,7:00:00 PM,Gym,Outside Group
Jazzercise,8/14/2018,Tu,8:30:00 AM,10:30:00 AM,Gym,Outside Group
Jazzercise,8/14/2018,Tu,4:15:00 PM,5:30:00 PM,Gym,Outside Group
Jazzercise,8/14/2018,Tu,5:45:00 PM,7:00:00 PM,Gym,Outside Group
Jazzercise,8/15/2018,We,8:30:00 AM,10:30:00 AM,Gym,Outside Group
Jazzercise,8/15/2018,We,5:45:00 PM,7:00:00 PM,Gym,Outside Group
Choir Practice,8/15/2018,We,6:30:00 PM,8:00:00 PM,Choir Room,Choir Practice
Jazzercise,8/16/2018,Th,5:45:00 PM,6:45:00 PM,Gym,Outside Group
Jazzercise,8/17/2018,Fr,8:30:00 AM,10:30:00 AM,Gym,Outside Group
Jazzercise,8/18/2018,Sa,8:30:00 AM,10:30:00 AM,Gym,Outside Group
RPC - Worship,8/19/2018,Su,8:30:00 AM,9:45:00 AM,Gym,Worship Service
Sunday School,8/19/2018,Su,9:30:00 AM,10:30:00 AM,Whole Building,Sunday School
Worship Service,8/19/2018,Su,10:45:00 AM,12:15:00 PM,Sanctuary,Worship Service
Jazzercise,8/19/2018,Su,3:30:00 PM,5:00:00 PM,Gym,Outside Group
Jazzercise,8/20/2018,Mo,8:30:00 AM,10:30:00 AM,Gym,Outside Group
Jazzercise,8/20/2018,Mo,4:15:00 PM,5:30:00 PM,Gym,Outside Group
Jazzercise,8/20/2018,Mo,5:45:00 PM,7:00:00 PM,Gym,Outside Group
Jazzercise,8/21/2018,Tu,8:30:00 AM,10:30:00 AM,Gym,Outside Group
Jazzercise,8/21/2018,Tu,4:15:00 PM,5:30:00 PM,Gym,Outside Group
Jazzercise,8/21/2018,Tu,5:45:00 PM,7:00:00 PM,Gym,Outside Group
Jazzercise,8/22/2018,We,8:30:00 AM,10:30:00 AM,Gym,Outside Group
Jazzercise,8/22/2018,We,5:45:00 PM,7:00:00 PM,Gym,Outside Group
Choir Practice,8/22/2018,We,6:30:00 PM,8:00:00 PM,Choir Room,Choir Practice
Jazzercise,8/23/2018,Th,5:45:00 PM,6:45:00 PM,Gym,Outside Group
Jazzercise,8/24/2018,Fr,8:30:00 AM,10:30:00 AM,Gym,Outside Group
Jazzercise,8/25/2018,Sa,8:30:00 AM,10:30:00 AM,Gym,Outside Group
RPC - Worship,8/26/2018,Su,8:30:00 AM,9:45:00 AM,Gym,Worship Service
Sunday School,8/26/2018,Su,9:30:00 AM,10:30:00 AM,Whole Building,Sunday School
Worship Service,8/26/2018,Su,10:45:00 AM,12:15:00 PM,Sanctuary,Worship Service
Jazzercise,8/26/2018,Su,3:30:00 PM,5:00:00 PM,Gym,Outside Group
Session Meeting,8/26/2018,Su,6:00:00 PM,8:00:00 PM,Keene Room,Session Meeting
Jazzercise,8/27/2018,Mo,8:30:00 AM,10:30:00 AM,Gym,Outside Group
Jazzercise,8/27/2018,Mo,4:15:00 PM,5:30:00 PM,Gym,Outside Group
Jazzercise,8/27/2018,Mo,5:45:00 PM,7:00:00 PM,Gym,Outside Group
Jazzercise,8/28/2018,Tu,8:30:00 AM,10:30:00 AM,Gym,Outside Group
Jazzercise,8/28/2018,Tu,4:15:00 PM,5:30:00 PM,Gym,Outside Group
Jazzercise,8/28/2018,Tu,5:45:00 PM,7:00:00 PM,Gym,Outside Group
Jazzercise,8/29/2018,We,8:30:00 AM,10:30:00 AM,Gym,Outside Group
Jazzercise,8/29/2018,We,5:45:00 PM,7:00:00 PM,Gym,Outside Group
Choir Practice,8/29/2018,We,6:30:00 PM,8:00:00 PM,Choir Room,Choir Practice
Jazzercise,8/30/2018,Th,5:45:00 PM,6:45:00 PM,Gym,Outside Group
Jazzercise,8/31/2018,Fr,8:30:00 AM,10:30:00 AM,Gym,Outside Group
Jazzercise,9/1/2018,Sa,8:30:00 AM,10:30:00 AM,Gym,Outside Group
RPC - Worship,9/2/2018,Su,8:30:00 AM,9:45:00 AM,Gym,Worship Service
Sunday School,9/2/2018,Su,9:30:00 AM,10:30:00 AM,Whole Building,Sunday School
Worship Service,9/2/2018,Su,10:45:00 AM,12:15:00 PM,Sanctuary,Worship Service
Jazzercise,9/2/2018,Su,3:30:00 PM,5:00:00 PM,Gym,Outside Group
Jazzercise,9/3/2018,Mo,8:30:00 AM,10:30:00 AM,Gym,Outside Group
Jazzercise,9/3/2018,Mo,4:15:00 PM,5:30:00 PM,Gym,Outside Group
Jazzercise,9/3/2018,Mo,5:45:00 PM,7:00:00 PM,Gym,Outside Group
Jazzercise,9/4/2018,Tu,8:30:00 AM,10:30:00 AM,Gym,Outside Group
West Circle Meeting,9/4/2018,Tu,11:00:00 AM,1:30:00 PM,Keene Room,CPWM Circle Meeting
Jazzercise,9/4/2018,Tu,4:15:00 PM,5:30:00 PM,Gym,Outside Group
Jazzercise,9/4/2018,Tu,5:45:00 PM,7:00:00 PM,Gym,Outside Group
Jazzercise,9/5/2018,We,8:30:00 AM,10:30:00 AM,Gym,Outside Group
Jazzercise,9/5/2018,We,5:45:00 PM,7:00:00 PM,Gym,Outside Group
Choir Practice,9/5/2018,We,6:30:00 PM,8:00:00 PM,Choir Room,Choir Practice
Jazzercise,9/7/2018,Fr,8:30:00 AM,10:30:00 AM,Gym,Outside Group
Jazzercise,9/8/2018,Sa,8:30:00 AM,10:30:00 AM,Gym,Outside Group
RPC - Worship,9/9/2018,Su,8:30:00 AM,9:45:00 AM,Gym,Worship Service
Sunday School,9/9/2018,Su,9:30:00 AM,10:30:00 AM,Whole Building,Sunday School
Worship Service,9/9/2018,Su,10:45:00 AM,12:15:00 PM,Sanctuary,Worship Service
Jazzercise,9/9/2018,Su,3:30:00 PM,5:00:00 PM,Gym,Outside Group
Jazzercise,9/10/2018,Mo,8:30:00 AM,10:30:00 AM,Gym,Outside Group
Jazzercise,9/10/2018,Mo,4:15:00 PM,5:30:00 PM,Gym,Outside Group
Jazzercise,9/10/2018,Mo,5:45:00 PM,7:00:00 PM,Gym,Outside Group
Jazzercise,9/11/2018,Tu,8:30:00 AM,10:30:00 AM,Gym,Outside Group
Jazzercise,9/11/2018,Tu,4:15:00 PM,5:30:00 PM,Gym,Outside Group
Jazzercise,9/11/2018,Tu,5:45:00 PM,7:00:00 PM,Gym,Outside Group
Jazzercise,9/12/2018,We,8:30:00 AM,10:30:00 AM,Gym,Outside Group
Jazzercise,9/12/2018,We,5:45:00 PM,7:00:00 PM,Gym,Outside Group
Choir Practice,9/12/2018,We,6:30:00 PM,8:00:00 PM,Choir Room,Choir Practice
Jazzercise,9/14/2018,Fr,8:30:00 AM,10:30:00 AM,Gym,Outside Group
Jazzercise,9/15/2018,Sa,8:30:00 AM,10:30:00 AM,Gym,Outside Group
RPC - Worship,9/16/2018,Su,8:30:00 AM,9:45:00 AM,Gym,Worship Service
Sunday School,9/16/2018,Su,9:30:00 AM,10:30:00 AM,Whole Building,Sunday School
Worship Service,9/16/2018,Su,10:45:00 AM,12:15:00 PM,Sanctuary,Worship Service
Jazzercise,9/16/2018,Su,3:30:00 PM,5:00:00 PM,Gym,Outside Group
Jazzercise,9/17/2018,Mo,8:30:00 AM,10:30:00 AM,Gym,Outside Group
Jazzercise,9/17/2018,Mo,4:15:00 PM,5:30:00 PM,Gym,Outside Group
Jazzercise,9/17/2018,Mo,5:45:00 PM,7:00:00 PM,Gym,Outside Group
Jazzercise,9/18/2018,Tu,8:30:00 AM,10:30:00 AM,Gym,Outside Group
Jazzercise,9/18/2018,Tu,4:15:00 PM,5:30:00 PM,Gym,Outside Group
Jazzercise,9/18/2018,Tu,5:45:00 PM,7:00:00 PM,Gym,Outside Group
Jazzercise,9/19/2018,We,8:30:00 AM,10:30:00 AM,Gym,Outside Group
Jazzercise,9/19/2018,We,5:45:00 PM,7:00:00 PM,Gym,Outside Group
Choir Practice,9/19/2018,We,6:30:00 PM,8:00:00 PM,Choir Room,Choir Practice
Jazzercise,9/21/2018,Fr,8:30:00 AM,10:30:00 AM,Gym,Outside Group
Jazzercise,9/22/2018,Sa,8:30:00 AM,10:30:00 AM,Gym,Outside Group
RPC - Worship,9/23/2018,Su,8:30:00 AM,9:45:00 AM,Gym,Worship Service
Sunday School,9/23/2018,Su,9:30:00 AM,10:30:00 AM,Whole Building,Sunday School
Worship Service,9/23/2018,Su,10:45:00 AM,12:15:00 PM,Sanctuary,Worship Service
Jazzercise,9/23/2018,Su,3:30:00 PM,5:00:00 PM,Gym,Outside Group
Session Meeting,9/23/2018,Su,6:00:00 PM,8:00:00 PM,Keene Room,Session Meeting
Jazzercise,9/24/2018,Mo,8:30:00 AM,10:30:00 AM,Gym,Outside Group
Jazzercise,9/24/2018,Mo,4:15:00 PM,5:30:00 PM,Gym,Outside Group
Jazzercise,9/24/2018,Mo,5:45:00 PM,7:00:00 PM,Gym,Outside Group
Jazzercise,9/25/2018,Tu,8:30:00 AM,10:30:00 AM,Gym,Outside Group
Jazzercise,9/25/2018,Tu,4:15:00 PM,5:30:00 PM,Gym,Outside Group
Jazzercise,9/25/2018,Tu,5:45:00 PM,7:00:00 PM,Gym,Outside Group
Jazzercise,9/26/2018,We,8:30:00 AM,10:30:00 AM,Gym,Outside Group
Jazzercise,9/26/2018,We,5:45:00 PM,7:00:00 PM,Gym,Outside Group
Choir Practice,9/26/2018,We,6:30:00 PM,8:00:00 PM,Choir Room,Choir Practice
Jazzercise,9/28/2018,Fr,8:30:00 AM,10:30:00 AM,Gym,Outside Group
Jazzercise,9/29/2018,Sa,8:30:00 AM,10:30:00 AM,Gym,Outside Group
RPC - Worship,9/30/2018,Su,8:30:00 AM,9:45:00 AM,Gym,Worship Service
Sunday School,9/30/2018,Su,9:30:00 AM,10:30:00 AM,Whole Building,Sunday School
Worship Service,9/30/2018,Su,10:45:00 AM,12:15:00 PM,Sanctuary,Worship Service
Jazzercise,9/30/2018,Su,3:30:00 PM,5:00:00 PM,Gym,Outside Group
Jazzercise,10/1/2018,Mo,8:30:00 AM,10:30:00 AM,Gym,Outside Group
Jazzercise,10/1/2018,Mo,4:15:00 PM,5:30:00 PM,Gym,Outside Group
Jazzercise,10/1/2018,Mo,5:45:00 PM,7:00:00 PM,Gym,Outside Group
Jazzercise,10/2/2018,Tu,8:30:00 AM,10:30:00 AM,Gym,Outside Group
West Circle Meeting,10/2/2018,Tu,11:00:00 AM,1:30:00 PM,Keene Room,CPWM Circle Meeting
Jazzercise,10/2/2018,Tu,4:15:00 PM,5:30:00 PM,Gym,Outside Group
Jazzercise,10/2/2018,Tu,5:45:00 PM,7:00:00 PM,Gym,Outside Group
Jazzercise,10/3/2018,We,8:30:00 AM,10:30:00 AM,Gym,Outside Group
Jazzercise,10/3/2018,We,5:45:00 PM,7:00:00 PM,Gym,Outside Group
Choir Practice,10/3/2018,We,6:30:00 PM,8:00:00 PM,Choir Room,Choir Practice
Jazzercise,10/5/2018,Fr,8:30:00 AM,10:30:00 AM,Gym,Outside Group
Jazzercise,10/6/2018,Sa,8:30:00 AM,10:30:00 AM,Gym,Outside Group
RPC - Worship,10/7/2018,Su,8:30:00 AM,9:45:00 AM,Gym,Worship Service
Sunday School,10/7/2018,Su,9:30:00 AM,10:30:00 AM,Whole Building,Sunday School
Worship Service,10/7/2018,Su,10:45:00 AM,12:15:00 PM,Sanctuary,Worship Service
Jazzercise,10/7/2018,Su,3:30:00 PM,5:00:00 PM,Gym,Outside Group
Jazzercise,10/8/2018,Mo,8:30:00 AM,10:30:00 AM,Gym,Outside Group
Jazzercise,10/8/2018,Mo,4:15:00 PM,5:30:00 PM,Gym,Outside Group
Jazzercise,10/8/2018,Mo,5:45:00 PM,7:00:00 PM,Gym,Outside Group
Jazzercise,10/9/2018,Tu,8:30:00 AM,10:30:00 AM,Gym,Outside Group
Jazzercise,10/9/2018,Tu,4:15:00 PM,5:30:00 PM,Gym,Outside Group
Jazzercise,10/9/2018,Tu,5:45:00 PM,7:00:00 PM,Gym,Outside Group
Jazzercise,10/10/2018,We,8:30:00 AM,10:30:00 AM,Gym,Outside Group
Jazzercise,10/10/2018,We,5:45:00 PM,7:00:00 PM,Gym,Outside Group
Choir Practice,10/10/2018,We,6:30:00 PM,8:00:00 PM,Choir Room,Choir Practice
Jazzercise,10/12/2018,Fr,8:30:00 AM,10:30:00 AM,Gym,Outside Group
Jazzercise,10/13/2018,Sa,8:30:00 AM,10:30:00 AM,Gym,Outside Group
RPC - Worship,10/14/2018,Su,8:30:00 AM,9:45:00 AM,Gym,Worship Service
Sunday School,10/14/2018,Su,9:30:00 AM,10:30:00 AM,Whole Building,Sunday School
Worship Service,10/14/2018,Su,10:45:00 AM,12:15:00 PM,Sanctuary,Worship Service
Jazzercise,10/14/2018,Su,3:30:00 PM,5:00:00 PM,Gym,Outside Group
Jazzercise,10/15/2018,Mo,8:30:00 AM,10:30:00 AM,Gym,Outside Group
Jazzercise,10/15/2018,Mo,4:15:00 PM,5:30:00 PM,Gym,Outside Group
Jazzercise,10/15/2018,Mo,5:45:00 PM,7:00:00 PM,Gym,Outside Group
Jazzercise,10/16/2018,Tu,8:30:00 AM,10:30:00 AM,Gym,Outside Group
Jazzercise,10/16/2018,Tu,4:15:00 PM,5:30:00 PM,Gym,Outside Group
Jazzercise,10/16/2018,Tu,5:45:00 PM,7:00:00 PM,Gym,Outside Group
Jazzercise,10/17/2018,We,8:30:00 AM,10:30:00 AM,Gym,Outside Group
Jazzercise,10/17/2018,We,5:45:00 PM,7:00:00 PM,Gym,Outside Group
Choir Practice,10/17/2018,We,6:30:00 PM,8:00:00 PM,Choir Room,Choir Practice
Jazzercise,10/19/2018,Fr,8:30:00 AM,10:30:00 AM,Gym,Outside Group
Jazzercise,10/20/2018,Sa,8:30:00 AM,10:30:00 AM,Gym,Outside Group
RPC - Worship,10/21/2018,Su,8:30:00 AM,9:45:00 AM,Gym,Worship Service
Sunday School,10/21/2018,Su,9:30:00 AM,10:30:00 AM,Whole Building,Sunday School
Worship Service,10/21/2018,Su,10:45:00 AM,12:15:00 PM,Sanctuary,Worship Service
Jazzercise,10/21/2018,Su,3:30:00 PM,5:00:00 PM,Gym,Outside Group
Jazzercise,10/22/2018,Mo,8:30:00 AM,10:30:00 AM,Gym,Outside Group
Jazzercise,10/22/2018,Mo,4:15:00 PM,5:30:00 PM,Gym,Outside Group
Jazzercise,10/22/2018,Mo,5:45:00 PM,7:00:00 PM,Gym,Outside Group
Jazzercise,10/23/2018,Tu,8:30:00 AM,10:30:00 AM,Gym,Outside Group
Jazzercise,10/23/2018,Tu,4:15:00 PM,5:30:00 PM,Gym,Outside Group
Jazzercise,10/23/2018,Tu,5:45:00 PM,7:00:00 PM,Gym,Outside Group
Jazzercise,10/24/2018,We,8:30:00 AM,10:30:00 AM,Gym,Outside Group
Jazzercise,10/24/2018,We,5:45:00 PM,7:00:00 PM,Gym,Outside Group
Choir Practice,10/24/2018,We,6:30:00 PM,8:00:00 PM,Choir Room,Choir Practice
Jazzercise,10/26/2018,Fr,8:30:00 AM,10:30:00 AM,Gym,Outside Group
Jazzercise,10/27/2018,Sa,8:30:00 AM,10:30:00 AM,Gym,Outside Group
RPC - Worship,10/28/2018,Su,8:30:00 AM,9:45:00 AM,Gym,Worship Service
Sunday School,10/28/2018,Su,9:30:00 AM,10:30:00 AM,Whole Building,Sunday School
Worship Service,10/28/2018,Su,10:45:00 AM,12:15:00 PM,Sanctuary,Worship Service
Jazzercise,10/28/2018,Su,3:30:00 PM,5:00:00 PM,Gym,Outside Group
Session Meeting,10/28/2018,Su,6:00:00 PM,8:00:00 PM,Keene Room,Session Meeting
Jazzercise,10/29/2018,Mo,8:30:00 AM,10:30:00 AM,Gym,Outside Group
Jazzercise,10/29/2018,Mo,4:15:00 PM,5:30:00 PM,Gym,Outside Group
Jazzercise,10/29/2018,Mo,5:45:00 PM,7:00:00 PM,Gym,Outside Group
Jazzercise,10/30/2018,Tu,8:30:00 AM,10:30:00 AM,Gym,Outside Group
Jazzercise,10/30/2018,Tu,4:15:00 PM,5:30:00 PM,Gym,Outside Group
Jazzercise,10/30/2018,Tu,5:45:00 PM,7:00:00 PM,Gym,Outside Group
Jazzercise,10/31/2018,We,8:30:00 AM,10:30:00 AM,Gym,Outside Group
Jazzercise,10/31/2018,We,5:45:00 PM,7:00:00 PM,Gym,Outside Group
Choir Practice,10/31/2018,We,6:30:00 PM,8:00:00 PM,Choir Room,Choir Practice
Jazzercise,11/2/2018,Fr,8:30:00 AM,10:30:00 AM,Gym,Outside Group
Jazzercise,11/3/2018,Sa,8:30:00 AM,10:30:00 AM,Gym,Outside Group
RPC - Worship,11/4/2018,Su,8:30:00 AM,9:45:00 AM,Gym,Worship Service
Sunday School,11/4/2018,Su,9:30:00 AM,10:30:00 AM,Whole Building,Sunday School
Worship Service,11/4/2018,Su,10:45:00 AM,12:15:00 PM,Sanctuary,Worship Service
Jazzercise,11/4/2018,Su,3:30:00 PM,5:00:00 PM,Gym,Outside Group
Jazzercise,11/5/2018,Mo,8:30:00 AM,10:30:00 AM,Gym,Outside Group
Jazzercise,11/5/2018,Mo,4:15:00 PM,5:30:00 PM,Gym,Outside Group
Jazzercise,11/5/2018,Mo,5:45:00 PM,7:00:00 PM,Gym,Outside Group
Jazzercise,11/6/2018,Tu,8:30:00 AM,10:30:00 AM,Gym,Outside Group
West Circle Meeting,11/6/2018,Tu,11:00:00 AM,1:30:00 PM,Keene Room,CPWM Circle Meeting
Jazzercise,11/6/2018,Tu,4:15:00 PM,5:30:00 PM,Gym,Outside Group
Jazzercise,11/6/2018,Tu,5:45:00 PM,7:00:00 PM,Gym,Outside Group
Jazzercise,11/7/2018,We,8:30:00 AM,10:30:00 AM,Gym,Outside Group
Jazzercise,11/7/2018,We,5:45:00 PM,7:00:00 PM,Gym,Outside Group
Choir Practice,11/7/2018,We,6:30:00 PM,8:00:00 PM,Choir Room,Choir Practice
Jazzercise,11/9/2018,Fr,8:30:00 AM,10:30:00 AM,Gym,Outside Group
Jazzercise,11/10/2018,Sa,8:30:00 AM,10:30:00 AM,Gym,Outside Group
RPC - Worship,11/11/2018,Su,8:30:00 AM,9:45:00 AM,Gym,Worship Service
Sunday School,11/11/2018,Su,9:30:00 AM,10:30:00 AM,Whole Building,Sunday School
Worship Service,11/11/2018,Su,10:45:00 AM,12:15:00 PM,Sanctuary,Worship Service
Jazzercise,11/11/2018,Su,3:30:00 PM,5:00:00 PM,Gym,Outside Group
Jazzercise,11/12/2018,Mo,8:30:00 AM,10:30:00 AM,Gym,Outside Group
Jazzercise,11/12/2018,Mo,4:15:00 PM,5:30:00 PM,Gym,Outside Group
Jazzercise,11/12/2018,Mo,5:45:00 PM,7:00:00 PM,Gym,Outside Group
Jazzercise,11/13/2018,Tu,8:30:00 AM,10:30:00 AM,Gym,Outside Group
Jazzercise,11/13/2018,Tu,4:15:00 PM,5:30:00 PM,Gym,Outside Group
Jazzercise,11/13/2018,Tu,5:45:00 PM,7:00:00 PM,Gym,Outside Group
Jazzercise,11/14/2018,We,8:30:00 AM,10:30:00 AM,Gym,Outside Group
Jazzercise,11/14/2018,We,5:45:00 PM,7:00:00 PM,Gym,Outside Group
Choir Practice,11/14/2018,We,6:30:00 PM,8:00:00 PM,Choir Room,Choir Practice
Jazzercise,11/16/2018,Fr,8:30:00 AM,10:30:00 AM,Gym,Outside Group
Jazzercise,11/17/2018,Sa,8:30:00 AM,10:30:00 AM,Gym,Outside Group
RPC - Worship,11/18/2018,Su,8:30:00 AM,9:45:00 AM,Gym,Worship Service
Sunday School,11/18/2018,Su,9:30:00 AM,10:30:00 AM,Whole Building,Sunday School
Worship Service,11/18/2018,Su,10:45:00 AM,12:15:00 PM,Sanctuary,Worship Service
Jazzercise,11/18/2018,Su,3:30:00 PM,5:00:00 PM,Gym,Outside Group
Jazzercise,11/19/2018,Mo,8:30:00 AM,10:30:00 AM,Gym,Outside Group
Jazzercise,11/19/2018,Mo,4:15:00 PM,5:30:00 PM,Gym,Outside Group
Jazzercise,11/19/2018,Mo,5:45:00 PM,7:00:00 PM,Gym,Outside Group
Jazzercise,11/20/2018,Tu,8:30:00 AM,10:30:00 AM,Gym,Outside Group
Jazzercise,11/20/2018,Tu,4:15:00 PM,5:30:00 PM,Gym,Outside Group
Jazzercise,11/20/2018,Tu,5:45:00 PM,7:00:00 PM,Gym,Outside Group
Jazzercise,11/21/2018,We,8:30:00 AM,10:30:00 AM,Gym,Outside Group
Jazzercise,11/21/2018,We,5:45:00 PM,7:00:00 PM,Gym,Outside Group
Choir Practice,11/21/2018,We,6:30:00 PM,8:00:00 PM,Choir Room,Choir Practice
Thanksgiving Holiday~Office Closed,11/22/2018,Th,12:00:00 AM,11:45:00 PM,Off Site Activity,Holiday
Thanksgiving Holiday~Office Closed,11/23/2018,Fr,12:00:00 AM,11:45:00 PM,Off Site Activity,Holiday
Jazzercise,11/23/2018,Fr,8:30:00 AM,10:30:00 AM,Gym,Outside Group
Jazzercise,11/24/2018,Sa,8:30:00 AM,10:30:00 AM,Gym,Outside Group
RPC - Worship,11/25/2018,Su,8:30:00 AM,9:45:00 AM,Gym,Worship Service
Sunday School,11/25/2018,Su,9:30:00 AM,10:30:00 AM,Whole Building,Sunday School
Worship Service,11/25/2018,Su,10:45:00 AM,12:15:00 PM,Sanctuary,Worship Service
Jazzercise,11/25/2018,Su,3:30:00 PM,5:00:00 PM,Gym,Outside Group
Session Meeting,11/25/2018,Su,6:00:00 PM,8:00:00 PM,Keene Room,Session Meeting
Jazzercise,11/26/2018,Mo,8:30:00 AM,10:30:00 AM,Gym,Outside Group
Jazzercise,11/26/2018,Mo,4:15:00 PM,5:30:00 PM,Gym,Outside Group
Jazzercise,11/26/2018,Mo,5:45:00 PM,7:00:00 PM,Gym,Outside Group
Jazzercise,11/27/2018,Tu,8:30:00 AM,10:30:00 AM,Gym,Outside Group
Jazzercise,11/27/2018,Tu,4:15:00 PM,5:30:00 PM,Gym,Outside Group
Jazzercise,11/27/2018,Tu,5:45:00 PM,7:00:00 PM,Gym,Outside Group
Jazzercise,11/28/2018,We,8:30:00 AM,10:30:00 AM,Gym,Outside Group
Jazzercise,11/28/2018,We,5:45:00 PM,7:00:00 PM,Gym,Outside Group
Choir Practice,11/28/2018,We,6:30:00 PM,8:00:00 PM,Choir Room,Choir Practice
Jazzercise,11/30/2018,Fr,8:30:00 AM,10:30:00 AM,Gym,Outside Group
Jazzercise,12/1/2018,Sa,8:30:00 AM,10:30:00 AM,Gym,Outside Group
RPC - Worship,12/2/2018,Su,8:30:00 AM,9:45:00 AM,Gym,Worship Service
Sunday School,12/2/2018,Su,9:30:00 AM,10:30:00 AM,Whole Building,Sunday School
Worship Service,12/2/2018,Su,10:45:00 AM,12:15:00 PM,Sanctuary,Worship Service
Jazzercise,12/2/2018,Su,3:30:00 PM,5:00:00 PM,Gym,Outside Group
Jazzercise,12/3/2018,Mo,8:30:00 AM,10:30:00 AM,Gym,Outside Group
Jazzercise,12/3/2018,Mo,4:15:00 PM,5:30:00 PM,Gym,Outside Group
Jazzercise,12/3/2018,Mo,5:45:00 PM,7:00:00 PM,Gym,Outside Group
Jazzercise,12/4/2018,Tu,8:30:00 AM,10:30:00 AM,Gym,Outside Group
West Circle Meeting,12/4/2018,Tu,11:00:00 AM,1:30:00 PM,Keene Room,CPWM Circle Meeting
Jazzercise,12/4/2018,Tu,4:15:00 PM,5:30:00 PM,Gym,Outside Group
Jazzercise,12/4/2018,Tu,5:45:00 PM,7:00:00 PM,Gym,Outside Group
Jazzercise,12/5/2018,We,8:30:00 AM,10:30:00 AM,Gym,Outside Group
Jazzercise,12/5/2018,We,5:45:00 PM,7:00:00 PM,Gym,Outside Group
Choir Practice,12/5/2018,We,6:30:00 PM,8:00:00 PM,Choir Room,Choir Practice
Jazzercise,12/7/2018,Fr,8:30:00 AM,10:30:00 AM,Gym,Outside Group
Jazzercise,12/8/2018,Sa,8:30:00 AM,10:30:00 AM,Gym,Outside Group
RPC - Worship,12/9/2018,Su,8:30:00 AM,9:45:00 AM,Gym,Worship Service
Sunday School,12/9/2018,Su,9:30:00 AM,10:30:00 AM,Whole Building,Sunday School
Worship Service,12/9/2018,Su,10:45:00 AM,12:15:00 PM,Sanctuary,Worship Service
Jazzercise,12/9/2018,Su,3:30:00 PM,5:00:00 PM,Gym,Outside Group
Jazzercise,12/10/2018,Mo,8:30:00 AM,10:30:00 AM,Gym,Outside Group
Jazzercise,12/10/2018,Mo,4:15:00 PM,5:30:00 PM,Gym,Outside Group
Jazzercise,12/10/2018,Mo,5:45:00 PM,7:00:00 PM,Gym,Outside Group
Jazzercise,12/11/2018,Tu,8:30:00 AM,10:30:00 AM,Gym,Outside Group
Jazzercise,12/11/2018,Tu,4:15:00 PM,5:30:00 PM,Gym,Outside Group
Jazzercise,12/11/2018,Tu,5:45:00 PM,7:00:00 PM,Gym,Outside Group
Jazzercise,12/12/2018,We,8:30:00 AM,10:30:00 AM,Gym,Outside Group
Jazzercise,12/12/2018,We,5:45:00 PM,7:00:00 PM,Gym,Outside Group
Choir Practice,12/12/2018,We,6:30:00 PM,8:00:00 PM,Choir Room,Choir Practice
Jazzercise,12/14/2018,Fr,8:30:00 AM,10:30:00 AM,Gym,Outside Group
Jazzercise,12/15/2018,Sa,8:30:00 AM,10:30:00 AM,Gym,Outside Group
RPC - Worship,12/16/2018,Su,8:30:00 AM,9:45:00 AM,Gym,Worship Service
Sunday School,12/16/2018,Su,9:30:00 AM,10:30:00 AM,Whole Building,Sunday School
Worship Service,12/16/2018,Su,10:45:00 AM,12:15:00 PM,Sanctuary,Worship Service
Jazzercise,12/16/2018,Su,3:30:00 PM,5:00:00 PM,Gym,Outside Group
Jazzercise,12/17/2018,Mo,8:30:00 AM,10:30:00 AM,Gym,Outside Group
Jazzercise,12/17/2018,Mo,4:15:00 PM,5:30:00 PM,Gym,Outside Group
Jazzercise,12/17/2018,Mo,5:45:00 PM,7:00:00 PM,Gym,Outside Group
Jazzercise,12/18/2018,Tu,8:30:00 AM,10:30:00 AM,Gym,Outside Group
Jazzercise,12/18/2018,Tu,4:15:00 PM,5:30:00 PM,Gym,Outside Group
Jazzercise,12/18/2018,Tu,5:45:00 PM,7:00:00 PM,Gym,Outside Group
Jazzercise,12/19/2018,We,8:30:00 AM,10:30:00 AM,Gym,Outside Group
Jazzercise,12/19/2018,We,5:45:00 PM,7:00:00 PM,Gym,Outside Group
Choir Practice,12/19/2018,We,6:30:00 PM,8:00:00 PM,Choir Room,Choir Practice
Jazzercise,12/21/2018,Fr,8:30:00 AM,10:30:00 AM,Gym,Outside Group
Jazzercise,12/22/2018,Sa,8:30:00 AM,10:30:00 AM,Gym,Outside Group
RPC - Worship,12/23/2018,Su,8:30:00 AM,9:45:00 AM,Gym,Worship Service
Sunday School,12/23/2018,Su,9:30:00 AM,10:30:00 AM,Whole Building,Sunday School
Worship Service,12/23/2018,Su,10:45:00 AM,12:15:00 PM,Sanctuary,Worship Service
Jazzercise,12/23/2018,Su,3:30:00 PM,5:00:00 PM,Gym,Outside Group
Jazzercise,12/24/2018,Mo,8:30:00 AM,10:30:00 AM,Gym,Outside Group
Jazzercise,12/24/2018,Mo,4:15:00 PM,5:30:00 PM,Gym,Outside Group
Candlelight Christmas Eve Communion Service,12/24/2018,Mo,5:00:00 PM,6:30:00 PM,Sanctuary,Worship Service
Jazzercise,12/24/2018,Mo,5:45:00 PM,7:00:00 PM,Gym,Outside Group
Christmas~Office Closed,12/25/2018,Tu,12:00:00 AM,11:45:00 PM,Off Site Activity,Holiday
Jazzercise,12/25/2018,Tu,8:30:00 AM,10:30:00 AM,Gym,Outside Group
Jazzercise,12/25/2018,Tu,4:15:00 PM,5:30:00 PM,Gym,Outside Group
Jazzercise,12/25/2018,Tu,5:45:00 PM,7:00:00 PM,Gym,Outside Group
Jazzercise,12/26/2018,We,8:30:00 AM,10:30:00 AM,Gym,Outside Group
Jazzercise,12/26/2018,We,5:45:00 PM,7:00:00 PM,Gym,Outside Group
Choir Practice,12/26/2018,We,6:30:00 PM,8:00:00 PM,Choir Room,Choir Practice
Jazzercise,12/28/2018,Fr,8:30:00 AM,10:30:00 AM,Gym,Outside Group
Jazzercise,12/29/2018,Sa,8:30:00 AM,10:30:00 AM,Gym,Outside Group
Sunday School,12/30/2018,Su,9:30:00 AM,10:30:00 AM,Whole Building,Sunday School
Worship Service,12/30/2018,Su,10:45:00 AM,12:15:00 PM,Sanctuary,Worship Service
Jazzercise,12/30/2018,Su,3:30:00 PM,5:00:00 PM,Gym,Outside Group
New Year’s Eve~Office Closed,12/31/2018,Mo,12:00:00 AM,11:45:00 PM,Off Site Activity,Holiday
Jazzercise,12/31/2018,Mo,8:30:00 AM,10:30:00 AM,Gym,Outside Group
Jazzercise,12/31/2018,Mo,4:15:00 PM,5:30:00 PM,Gym,Outside Group
Jazzercise,12/31/2018,Mo,5:45:00 PM,7:00:00 PM,Gym,Outside Group
New Year’s Day~Office Closed,1/1/2019,Tu,12:00:00 AM,11:45:00 PM,Off Site Activity,Holiday
Jazzercise,1/2/2019,We,8:30:00 AM,10:30:00 AM,Gym,Outside Group
Jazzercise,1/2/2019,We,5:45:00 PM,7:00:00 PM,Gym,Outside Group
Choir Practice,1/2/2019,We,6:30:00 PM,8:00:00 PM,Choir Room,Choir Practice
Jazzercise,1/4/2019,Fr,8:30:00 AM,10:30:00 AM,Gym,Outside Group
Jazzercise,1/5/2019,Sa,8:30:00 AM,10:30:00 AM,Gym,Outside Group
Sunday School,1/6/2019,Su,9:30:00 AM,10:30:00 AM,Whole Building,Sunday School
Worship Service,1/6/2019,Su,10:45:00 AM,12:15:00 PM,Sanctuary,Worship Service
Jazzercise,1/6/2019,Su,3:30:00 PM,5:00:00 PM,Gym,Outside Group
Jazzercise,1/7/2019,Mo,8:30:00 AM,10:30:00 AM,Gym,Outside Group
Jazzercise,1/7/2019,Mo,4:15:00 PM,5:30:00 PM,Gym,Outside Group
Jazzercise,1/7/2019,Mo,5:45:00 PM,7:00:00 PM,Gym,Outside Group
Jazzercise,1/8/2019,Tu,8:30:00 AM,10:30:00 AM,Gym,Outside Group
West Circle Meeting,1/8/2019,Tu,11:00:00 AM,1:30:00 PM,Keene Room,CPWM Circle Meeting
Jazzercise,1/8/2019,Tu,4:15:00 PM,5:30:00 PM,Gym,Outside Group
Jazzercise,1/8/2019,Tu,5:45:00 PM,7:00:00 PM,Gym,Outside Group
Jazzercise,1/9/2019,We,8:30:00 AM,10:30:00 AM,Gym,Outside Group
Jazzercise,1/9/2019,We,5:45:00 PM,7:00:00 PM,Gym,Outside Group
Choir Practice,1/9/2019,We,6:30:00 PM,8:00:00 PM,Choir Room,Choir Practice
Jazzercise,1/11/2019,Fr,8:30:00 AM,10:30:00 AM,Gym,Outside Group
Jazzercise,1/12/2019,Sa,8:30:00 AM,10:30:00 AM,Gym,Outside Group
Sunday School,1/13/2019,Su,9:30:00 AM,10:30:00 AM,Whole Building,Sunday School
Worship Service,1/13/2019,Su,10:45:00 AM,12:15:00 PM,Sanctuary,Worship Service
Jazzercise,1/14/2019,Mo,8:30:00 AM,10:30:00 AM,Gym,Outside Group
Jazzercise,1/14/2019,Mo,4:15:00 PM,5:30:00 PM,Gym,Outside Group
Jazzercise,1/14/2019,Mo,5:45:00 PM,7:00:00 PM,Gym,Outside Group
Jazzercise,1/15/2019,Tu,8:30:00 AM,10:30:00 AM,Gym,Outside Group
Jazzercise,1/15/2019,Tu,4:15:00 PM,5:30:00 PM,Gym,Outside Group
Jazzercise,1/15/2019,Tu,5:45:00 PM,7:00:00 PM,Gym,Outside Group
Jazzercise,1/16/2019,We,8:30:00 AM,10:30:00 AM,Gym,Outside Group
Jazzercise,1/16/2019,We,5:45:00 PM,7:00:00 PM,Gym,Outside Group
Choir Practice,1/16/2019,We,6:30:00 PM,8:00:00 PM,Choir Room,Choir Practice
Jazzercise,1/18/2019,Fr,8:30:00 AM,10:30:00 AM,Gym,Outside Group
Jazzercise,1/19/2019,Sa,8:30:00 AM,10:30:00 AM,Gym,Outside Group
Sunday School,1/20/2019,Su,9:30:00 AM,10:30:00 AM,Whole Building,Sunday School
Worship Service,1/20/2019,Su,10:45:00 AM,12:15:00 PM,Sanctuary,Worship Service
Choir Practice,1/23/2019,We,6:30:00 PM,8:00:00 PM,Choir Room,Choir Practice
Sunday School,1/27/2019,Su,9:30:00 AM,10:30:00 AM,Whole Building,Sunday School
Worship Service,1/27/2019,Su,10:45:00 AM,12:15:00 PM,Sanctuary,Worship Service
Choir Practice,1/30/2019,We,6:30:00 PM,8:00:00 PM,Choir Room,Choir Practice
West Circle Meeting,2/5/2019,Tu,11:00:00 AM,1:30:00 PM,Keene Room,CPWM Circle Meeting
Choir Practice,2/6/2019,We,6:30:00 PM,8:00:00 PM,Choir Room,Choir Practice
Choir Practice,2/13/2019,We,6:30:00 PM,8:00:00 PM,Choir Room,Choir Practice
Choir Practice,2/20/2019,We,6:30:00 PM,8:00:00 PM,Choir Room,Choir Practice
Choir Practice,2/27/2019,We,6:30:00 PM,8:00:00 PM,Choir Room,Choir Practice
West Circle Meeting,3/5/2019,Tu,11:00:00 AM,1:30:00 PM,Keene Room,CPWM Circle Meeting
Choir Practice,3/6/2019,We,6:30:00 PM,8:00:00 PM,Choir Room,Choir Practice
Choir Practice,3/13/2019,We,6:30:00 PM,8:00:00 PM,Choir Room,Choir Practice
Choir Practice,3/20/2019,We,6:30:00 PM,8:00:00 PM,Choir Room,Choir Practice
Choir Practice,3/27/2019,We,6:30:00 PM,8:00:00 PM,Choir Room,Choir Practice
West Circle Meeting,4/2/2019,Tu,11:00:00 AM,1:30:00 PM,Keene Room,CPWM Circle Meeting
Choir Practice,4/3/2019,We,6:30:00 PM,8:00:00 PM,Choir Room,Choir Practice
Choir Practice,4/10/2019,We,6:30:00 PM,8:00:00 PM,Choir Room,Choir Practice
Choir Practice,4/17/2019,We,6:30:00 PM,8:00:00 PM,Choir Room,Choir Practice
Choir Practice,4/24/2019,We,6:30:00 PM,8:00:00 PM,Choir Room,Choir Practice
Choir Practice,5/1/2019,We,6:30:00 PM,8:00:00 PM,Choir Room,Choir Practice
West Circle Meeting,5/7/2019,Tu,11:00:00 AM,1:30:00 PM,Keene Room,CPWM Circle Meeting
Choir Practice,5/8/2019,We,6:30:00 PM,8:00:00 PM,Choir Room,Choir Practice
Choir Practice,5/15/2019,We,6:30:00 PM,8:00:00 PM,Choir Room,Choir Practice
Choir Practice,5/22/2019,We,6:30:00 PM,8:00:00 PM,Choir Room,Choir Practice
Choir Practice,5/29/2019,We,6:30:00 PM,8:00:00 PM,Choir Room,Choir Practice
West Circle Meeting,6/4/2019,Tu,11:00:00 AM,1:30:00 PM,Keene Room,CPWM Circle Meeting
Choir Practice,6/5/2019,We,6:30:00 PM,8:00:00 PM,Choir Room,Choir Practice
Choir Practice,6/12/2019,We,6:30:00 PM,8:00:00 PM,Choir Room,Choir Practice
Choir Practice,6/19/2019,We,6:30:00 PM,8:00:00 PM,Choir Room,Choir Practice
Choir Practice,6/26/2019,We,6:30:00 PM,8:00:00 PM,Choir Room,Choir Practice
West Circle Meeting,7/2/2019,Tu,11:00:00 AM,1:30:00 PM,Keene Room,CPWM Circle Meeting
Choir Practice,7/3/2019,We,6:30:00 PM,8:00:00 PM,Choir Room,Choir Practice
Choir Practice,7/10/2019,We,6:30:00 PM,8:00:00 PM,Choir Room,Choir Practice
Choir Practice,7/17/2019,We,6:30:00 PM,8:00:00 PM,Choir Room,Choir Practice
Choir Practice,7/24/2019,We,6:30:00 PM,8:00:00 PM,Choir Room,Choir Practice
West Circle Meeting,8/6/2019,Tu,11:00:00 AM,1:30:00 PM,Keene Room,CPWM Circle Meeting
West Circle Meeting,9/3/2019,Tu,11:00:00 AM,1:30:00 PM,Keene Room,CPWM Circle Meeting
West Circle Meeting,10/1/2019,Tu,11:00:00 AM,1:30:00 PM,Keene Room,CPWM Circle Meeting
West Circle Meeting,11/5/2019,Tu,11:00:00 AM,1:30:00 PM,Keene Room,CPWM Circle Meeting
West Circle Meeting,12/3/2019,Tu,11:00:00 AM,1:30:00 PM,Keene Room,CPWM Circle Meeting
West Circle Meeting,1/7/2020,Tu,11:00:00 AM,1:30:00 PM,Keene Room,CPWM Circle Meeting
West Circle Meeting,2/4/2020,Tu,11:00:00 AM,1:30:00 PM,Keene Room,CPWM Circle Meeting
